#
# There is insufficient memory for the Java Runtime Environment to continue.
# Native memory allocation (malloc) failed to allocate 1195536 bytes for Chunk::new
# Possible reasons:
#   The system is out of physical RAM or swap space
#   The process is running with CompressedOops enabled, and the Java Heap may be blocking the growth of the native heap
# Possible solutions:
#   Reduce memory load on the system
#   Increase physical memory or swap space
#   Check if swap backing store is full
#   Decrease Java heap size (-Xmx/-Xms)
#   Decrease number of Java threads
#   Decrease Java thread stack sizes (-Xss)
#   Set larger code cache with -XX:ReservedCodeCacheSize=
#   JVM is running with Zero Based Compressed Oops mode in which the Java heap is
#     placed in the first 32GB address space. The Java Heap base address is the
#     maximum limit for the native heap growth. Please use -XX:HeapBaseMinAddress
#     to set the Java Heap base and to place the Java Heap above 32GB virtual address.
# This output file may be truncated or incomplete.
#
#  Out of Memory Error (arena.cpp:189), pid=9116, tid=30540
#
# JRE version: OpenJDK Runtime Environment (17.0.2+8) (build 17.0.2+8-86)
# Java VM: OpenJDK 64-Bit Server VM (17.0.2+8-86, mixed mode, sharing, tiered, compressed oops, compressed class ptrs, g1 gc, windows-amd64)
# No core dump will be written. Minidumps are not enabled by default on client versions of Windows
#

---------------  S U M M A R Y ------------

Command Line: --add-opens=java.base/java.util=ALL-UNNAMED --add-opens=java.base/java.lang=ALL-UNNAMED --add-opens=java.base/java.lang.invoke=ALL-UNNAMED --add-opens=java.prefs/java.util.prefs=ALL-UNNAMED --add-opens=java.base/java.nio.charset=ALL-UNNAMED --add-opens=java.base/java.net=ALL-UNNAMED --add-opens=java.base/java.util.concurrent.atomic=ALL-UNNAMED -Xmx8000m -Dfile.encoding=UTF-8 -Duser.country=CN -Duser.language=zh -Duser.variant -javaagent:D:\Doc\GitHub\site_androidApplication\gradle_dist\gradle-8.4\lib\agents\gradle-instrumentation-agent-8.4.jar org.gradle.launcher.daemon.bootstrap.GradleDaemon 8.4

Host: 12th Gen Intel(R) Core(TM) i7-12700H, 20 cores, 15G,  Windows 11 , 64 bit Build 26100 (10.0.26100.7705)
Time: Sat Jan 31 12:49:41 2026  Windows 11 , 64 bit Build 26100 (10.0.26100.7705) elapsed time: 3617.239096 seconds (0d 1h 0m 17s)

---------------  T H R E A D  ---------------

Current thread (0x000000005f634a40):  JavaThread "C2 CompilerThread5" daemon [_thread_in_native, id=30540, stack(0x000000007f100000,0x000000007f200000)]


Current CompileTask:
C2:3617239 86761       4       com.android.tools.r8.internal.De::b (593 bytes)

Stack: [0x000000007f100000,0x000000007f200000]
Native frames: (J=compiled Java code, j=interpreted, Vv=VM code, C=native code)
V  [jvm.dll+0x670baa]
V  [jvm.dll+0x7cfcb4]
V  [jvm.dll+0x7d145e]
V  [jvm.dll+0x7d1ac3]
V  [jvm.dll+0x242bc5]
V  [jvm.dll+0xaa57b]
V  [jvm.dll+0xaab0c]
V  [jvm.dll+0x35fcb2]
V  [jvm.dll+0x1b9982]
V  [jvm.dll+0x215de9]
V  [jvm.dll+0x2150b1]
V  [jvm.dll+0x1a1bbd]
V  [jvm.dll+0x224908]
V  [jvm.dll+0x222a6c]
V  [jvm.dll+0x7859bb]
V  [jvm.dll+0x77ff7a]
V  [jvm.dll+0x66fa35]
C  [ucrtbase.dll+0x37b0]
C  [KERNEL32.DLL+0x2e8d7]
C  [ntdll.dll+0x8c40c]


---------------  P R O C E S S  ---------------

Threads class SMR info:
_java_thread_list=0x00000000437add50, length=325, elements={
0x0000000002c7a160, 0x000000002fbd2eb0, 0x000000002fbd3970, 0x000000002fbf2140,
0x000000002fbf4a10, 0x000000002fbf52d0, 0x000000002fbf5b90, 0x000000002fbf8790,
0x0000000031108090, 0x0000000031108990, 0x000000002fbbbab0, 0x00000000313a0ff0,
0x0000000033134610, 0x00000000312e5aa0, 0x0000000033e14250, 0x0000000032ac4b40,
0x0000000032ac41a0, 0x0000000032ac6cf0, 0x0000000032ac54e0, 0x0000000032ac6350,
0x0000000032ac3800, 0x0000000037808670, 0x0000000037805ff0, 0x0000000037806e60,
0x00000000378081a0, 0x0000000037807cd0, 0x0000000037807330, 0x0000000037809010,
0x0000000037805650, 0x000000003282aff0, 0x000000003282b4c0, 0x0000000032827b00,
0x000000003282c330, 0x000000003282d1a0, 0x000000003282ccd0, 0x000000003282be60,
0x000000003282e4e0, 0x000000003282db40, 0x000000003282d670, 0x000000003282e010,
0x000000003282e9b0, 0x000000003282c800, 0x000000003282f350, 0x000000003b34cea0,
0x0000000038fe48c0, 0x000000004ef3f580, 0x000000004ef3ff20, 0x0000000042caf060,
0x000000004d90f000, 0x00000000654483a0, 0x0000000065447530, 0x0000000065448870,
0x0000000052f7e560, 0x000000004ec315c0, 0x000000004ec310f0, 0x000000004ec345e0,
0x000000004ef85490, 0x000000004ef82940, 0x000000004ef84af0, 0x000000004ef84fc0,
0x000000004ef82e10, 0x000000004ef82470, 0x000000004ef832e0, 0x000000004ef837b0,
0x000000004ef83c80, 0x00000000763823f0, 0x0000000076380240, 0x000000007637fd70,
0x000000004f1a0d40, 0x000000004f1a33c0, 0x000000004f19fed0, 0x000000004f1a2a20,
0x000000004f19fa00, 0x000000004f1a2ef0, 0x000000004f1a03a0, 0x000000004f1a0870,
0x000000004f1a1210, 0x000000004f1a16e0, 0x000000004f1a1bb0, 0x00000000535ead80,
0x00000000535eb720, 0x00000000535e9a40, 0x00000000535ebbf0, 0x00000000535eca60,
0x0000000036a2bbe0, 0x0000000036a2c0b0, 0x0000000036a2d3f0, 0x0000000052f7dbc0,
0x0000000052f7e090, 0x0000000052f7cd50, 0x0000000052f7ea30, 0x0000000052f7ef00,
0x0000000052f7d220, 0x0000000052f7f8a0, 0x0000000052f7c3b0, 0x0000000052f7c880,
0x0000000052f7d6f0, 0x000000003c0ae200, 0x000000003c0ae6d0, 0x000000004ec33c40,
0x000000004ec34ab0, 0x000000004ec31a90, 0x000000004ec31f60, 0x000000004ec32430,
0x000000004ec332a0, 0x000000004ec33770, 0x000000003c0af540, 0x000000003c0aeba0,
0x000000003c0af070, 0x0000000076381f20, 0x0000000076381580, 0x000000007637ef00,
0x00000000763828c0, 0x0000000076382d90, 0x000000007637f3d0, 0x0000000076383260,
0x000000007637f8a0, 0x0000000076383c00, 0x00000000792afe80, 0x00000000792af9b0,
0x00000000792b0820, 0x00000000792b0350, 0x00000000792b0cf0, 0x00000000792ad330,
0x00000000792ae1a0, 0x00000000792af4e0, 0x0000000042ef6a90, 0x0000000076380710,
0x00000000763840d0, 0x00000000763810b0, 0x0000000076383730, 0x0000000076380be0,
0x0000000076384a70, 0x0000000076384f40, 0x0000000076385410, 0x0000000076381a50,
0x00000000763858e0, 0x0000000076386280, 0x0000000076385db0, 0x0000000076386750,
0x000000004eccef30, 0x000000004ecd1f50, 0x000000004eccfda0, 0x000000004eccf400,
0x000000004ecd0270, 0x0000000036a2d8c0, 0x0000000065449210, 0x0000000065448d40,
0x00000000654496e0, 0x0000000065449bb0, 0x000000006544aa20, 0x0000000065447a00,
0x0000000065447ed0, 0x000000004ed88090, 0x000000004ed88a30, 0x000000004ed87bc0,
0x000000004ed87220, 0x000000004ed86880, 0x000000004ed876f0, 0x000000004ed86d50,
0x000000004ed85540, 0x000000004eccf8d0, 0x000000004f2cb400, 0x00000000535e9f10,
0x0000000074ff3940, 0x0000000074ff42e0, 0x0000000074ff47b0, 0x0000000074ff3e10,
0x0000000074ff4c80, 0x0000000074ff5150, 0x000000005a3c7e40, 0x000000005a3c6630,
0x000000005a3c4e20, 0x000000005a3c6b00, 0x000000005a3c87e0, 0x000000005a3c52f0,
0x000000005a3c74a0, 0x000000005a3c57c0, 0x000000005a3c5c90, 0x000000005a3c6160,
0x000000005a3c6fd0, 0x000000005a3c7970, 0x00000000340b9e10, 0x0000000042f169b0,
0x0000000042f16e80, 0x0000000042f19500, 0x0000000042f17cf0, 0x0000000042f17350,
0x0000000042f199d0, 0x0000000042f18690, 0x0000000042f18b60, 0x0000000042f19030,
0x000000003421edf0, 0x000000003421fc60, 0x000000003bacd8a0, 0x000000003bacad50,
0x000000003bace240, 0x000000003bacb220, 0x000000003bacbbc0, 0x000000003bacc090,
0x000000003bacdd70, 0x000000003baca880, 0x000000004dbe6670, 0x000000004dbe3650,
0x000000004dbe3ff0, 0x000000004dbe44c0, 0x000000004dbe5800, 0x000000004dbe5cd0,
0x000000004dbe2cb0, 0x000000004dbe4990, 0x0000000068c00c90, 0x0000000068bffe20,
0x0000000068c01fd0, 0x0000000068c01630, 0x0000000068c002f0, 0x0000000068c024a0,
0x0000000068c007c0, 0x0000000068c01160, 0x0000000068c02970, 0x0000000068bfefb0,
0x000000004d90f4d0, 0x0000000036a2dd90, 0x000000003421f2c0, 0x000000003421f790,
0x00000000754624c0, 0x0000000075460310, 0x0000000075461180, 0x000000007545fe40,
0x0000000075460cb0, 0x00000000754607e0, 0x000000004ecd0740, 0x000000004ecd0c10,
0x000000004ecd10e0, 0x00000000645cbad0, 0x00000000645cc470, 0x00000000535ec0c0,
0x00000000535ecf30, 0x00000000535ec590, 0x0000000042f32f80, 0x0000000042f33450,
0x0000000042f35fa0, 0x0000000042f33920, 0x0000000036a2e260, 0x000000004f2cc270,
0x000000004f2cc740, 0x00000000340ba7b0, 0x00000000340bb620, 0x000000005f0414a0,
0x000000005f03dfb0, 0x000000004ed85a10, 0x000000004ed85ee0, 0x000000004d61dc10,
0x000000004d61e0e0, 0x000000004d61e5b0, 0x000000004d61f8f0, 0x00000000792ad800,
0x00000000792adcd0, 0x00000000792ae670, 0x00000000792aeb40, 0x00000000792af010,
0x0000000073d51aa0, 0x0000000073d51f70, 0x0000000073d52440, 0x0000000073d52910,
0x0000000073d52de0, 0x0000000073d532b0, 0x0000000073d53780, 0x0000000073d50c30,
0x000000004f2cbda0, 0x000000004f2ccc10, 0x000000004f2cda80, 0x000000004f2cb8d0,
0x00000000321e39b0, 0x00000000321e2b40, 0x0000000075b07020, 0x0000000075b08360,
0x0000000075b08830, 0x0000000075b074f0, 0x0000000075b07e90, 0x0000000075b079c0,
0x0000000059a8c280, 0x0000000059a8cc20, 0x0000000059a8d0f0, 0x0000000059a8d5c0,
0x0000000059a8c750, 0x0000000059a8da90, 0x0000000059a8df60, 0x0000000059a8e900,
0x0000000059a8f2a0, 0x0000000059a8e430, 0x0000000059a8edd0, 0x0000000059a8b8e0,
0x0000000059a8bdb0, 0x000000003842d3f0, 0x000000003842d8c0, 0x000000003842f0d0,
0x000000003842f5a0, 0x000000003842fa70, 0x000000003842ff40, 0x00000000384308e0,
0x000000003842dd90, 0x000000003842e730, 0x0000000038430410, 0x000000003842cf20,
0x000000003842e260, 0x000000003b779180, 0x00000000776b5be0, 0x00000000776b6580,
0x00000000776b60b0, 0x00000000776b6a50, 0x00000000776b6f20, 0x00000000776b5710,
0x000000004f76f0e0, 0x000000004f76fa80, 0x000000005f634530, 0x0000000038c191d0,
0x000000005a3c8310, 0x0000000038c1c1f0, 0x0000000073e33cd0, 0x00000000758223e0,
0x0000000073e32da0, 0x00000000758214b0, 0x000000005f634a40, 0x000000005f634f50,
0x0000000033413560
}

Java Threads: ( => current thread )
  0x0000000002c7a160 JavaThread "main" [_thread_blocked, id=4524, stack(0x0000000002340000,0x0000000002440000)]
  0x000000002fbd2eb0 JavaThread "Reference Handler" daemon [_thread_blocked, id=3996, stack(0x0000000030130000,0x0000000030230000)]
  0x000000002fbd3970 JavaThread "Finalizer" daemon [_thread_blocked, id=21988, stack(0x0000000030230000,0x0000000030330000)]
  0x000000002fbf2140 JavaThread "Signal Dispatcher" daemon [_thread_blocked, id=15032, stack(0x0000000030c00000,0x0000000030d00000)]
  0x000000002fbf4a10 JavaThread "Attach Listener" daemon [_thread_blocked, id=13276, stack(0x0000000030d00000,0x0000000030e00000)]
  0x000000002fbf52d0 JavaThread "Service Thread" daemon [_thread_blocked, id=27136, stack(0x0000000030e00000,0x0000000030f00000)]
  0x000000002fbf5b90 JavaThread "Monitor Deflation Thread" daemon [_thread_blocked, id=27644, stack(0x0000000030f00000,0x0000000031000000)]
  0x000000002fbf8790 JavaThread "C2 CompilerThread0" daemon [_thread_blocked, id=4652, stack(0x0000000031000000,0x0000000031100000)]
  0x0000000031108090 JavaThread "C1 CompilerThread0" daemon [_thread_blocked, id=9456, stack(0x0000000031500000,0x0000000031600000)]
  0x0000000031108990 JavaThread "Sweeper thread" daemon [_thread_blocked, id=26256, stack(0x0000000031600000,0x0000000031700000)]
  0x000000002fbbbab0 JavaThread "Common-Cleaner" daemon [_thread_blocked, id=23964, stack(0x0000000031700000,0x0000000031800000)]
  0x00000000313a0ff0 JavaThread "Notification Thread" daemon [_thread_blocked, id=25556, stack(0x0000000031b00000,0x0000000031c00000)]
  0x0000000033134610 JavaThread "Daemon health stats" [_thread_blocked, id=25252, stack(0x0000000034ca0000,0x0000000034da0000)]
  0x00000000312e5aa0 JavaThread "Incoming local TCP Connector on port 57667" [_thread_in_native, id=27436, stack(0x0000000031d00000,0x0000000031e00000)]
  0x0000000033e14250 JavaThread "Daemon periodic checks" [_thread_blocked, id=25440, stack(0x0000000032600000,0x0000000032700000)]
  0x0000000032ac4b40 JavaThread "Cache worker for journal cache (C:\Users\chen\.gradle\caches\journal-1)" [_thread_blocked, id=25968, stack(0x00000000379d0000,0x0000000037ad0000)]
  0x0000000032ac41a0 JavaThread "File lock request listener" [_thread_in_native, id=24536, stack(0x0000000037ad0000,0x0000000037bd0000)]
  0x0000000032ac6cf0 JavaThread "Cache worker for file hash cache (C:\Users\chen\.gradle\caches\8.4\fileHashes)" [_thread_blocked, id=1948, stack(0x0000000037f30000,0x0000000038030000)]
  0x0000000032ac54e0 JavaThread "File watcher server" daemon [_thread_blocked, id=2900, stack(0x0000000037bd0000,0x0000000037cd0000)]
  0x0000000032ac6350 JavaThread "File watcher consumer" daemon [_thread_blocked, id=10048, stack(0x0000000037cd0000,0x0000000037dd0000)]
  0x0000000032ac3800 JavaThread "Cache worker for file content cache (C:\Users\chen\.gradle\caches\8.4\fileContent)" [_thread_blocked, id=25776, stack(0x0000000039f00000,0x000000003a000000)]
  0x0000000037808670 JavaThread "Cache worker for execution history cache (C:\Users\chen\.gradle\caches\8.4\executionHistory)" [_thread_blocked, id=25872, stack(0x0000000038030000,0x0000000038130000)]
  0x0000000037805ff0 JavaThread "Cache worker for kotlin-dsl (C:\Users\chen\.gradle\caches\8.4\kotlin-dsl)" [_thread_blocked, id=27412, stack(0x000000003ac00000,0x000000003ad00000)]
  0x0000000037806e60 JavaThread "jar transforms" [_thread_blocked, id=15324, stack(0x000000003ad00000,0x000000003ae00000)]
  0x00000000378081a0 JavaThread "jar transforms Thread 2" [_thread_blocked, id=26728, stack(0x000000003ae00000,0x000000003af00000)]
  0x0000000037807cd0 JavaThread "jar transforms Thread 3" [_thread_blocked, id=26572, stack(0x000000003cf80000,0x000000003d080000)]
  0x0000000037807330 JavaThread "jar transforms Thread 4" [_thread_blocked, id=27248, stack(0x000000003d080000,0x000000003d180000)]
  0x0000000037809010 JavaThread "jar transforms Thread 5" [_thread_blocked, id=20516, stack(0x000000003dc00000,0x000000003dd00000)]
  0x0000000037805650 JavaThread "jar transforms Thread 6" [_thread_blocked, id=24856, stack(0x000000003dd00000,0x000000003de00000)]
  0x000000003282aff0 JavaThread "jar transforms Thread 7" [_thread_blocked, id=23936, stack(0x000000003fa00000,0x000000003fb00000)]
  0x000000003282b4c0 JavaThread "jar transforms Thread 8" [_thread_blocked, id=2864, stack(0x000000003fb00000,0x000000003fc00000)]
  0x0000000032827b00 JavaThread "jar transforms Thread 9" [_thread_blocked, id=23056, stack(0x000000003fc00000,0x000000003fd00000)]
  0x000000003282c330 JavaThread "jar transforms Thread 10" [_thread_blocked, id=27164, stack(0x000000003fd00000,0x000000003fe00000)]
  0x000000003282d1a0 JavaThread "jar transforms Thread 11" [_thread_blocked, id=25640, stack(0x000000003ff00000,0x0000000040000000)]
  0x000000003282ccd0 JavaThread "jar transforms Thread 12" [_thread_blocked, id=26076, stack(0x0000000040000000,0x0000000040100000)]
  0x000000003282be60 JavaThread "jar transforms Thread 13" [_thread_blocked, id=27012, stack(0x0000000040100000,0x0000000040200000)]
  0x000000003282e4e0 JavaThread "jar transforms Thread 14" [_thread_blocked, id=26788, stack(0x0000000040200000,0x0000000040300000)]
  0x000000003282db40 JavaThread "jar transforms Thread 15" [_thread_blocked, id=24532, stack(0x0000000040300000,0x0000000040400000)]
  0x000000003282d670 JavaThread "jar transforms Thread 16" [_thread_blocked, id=21176, stack(0x0000000040400000,0x0000000040500000)]
  0x000000003282e010 JavaThread "jar transforms Thread 17" [_thread_blocked, id=2620, stack(0x0000000040500000,0x0000000040600000)]
  0x000000003282e9b0 JavaThread "jar transforms Thread 18" [_thread_blocked, id=22396, stack(0x0000000040600000,0x0000000040700000)]
  0x000000003282c800 JavaThread "jar transforms Thread 19" [_thread_blocked, id=26184, stack(0x0000000040700000,0x0000000040800000)]
  0x000000003282f350 JavaThread "jar transforms Thread 20" [_thread_blocked, id=16292, stack(0x0000000040800000,0x0000000040900000)]
  0x000000003b34cea0 JavaThread "Memory manager" [_thread_blocked, id=27508, stack(0x0000000040900000,0x0000000040a00000)]
  0x0000000038fe48c0 JavaThread "RMI Scheduler(0)" daemon [_thread_blocked, id=27752, stack(0x0000000052000000,0x0000000052100000)]
  0x000000004ef3f580 JavaThread "RMI GC Daemon" daemon [_thread_blocked, id=12676, stack(0x00000000602c0000,0x00000000603c0000)]
  0x000000004ef3ff20 JavaThread "RMI TCP Accept-0" daemon [_thread_in_native, id=26056, stack(0x0000000061200000,0x0000000061300000)]
  0x0000000042caf060 JavaThread "RMI Reaper" [_thread_blocked, id=24072, stack(0x0000000061300000,0x0000000061400000)]
  0x000000004d90f000 JavaThread "Cache worker for Java compile cache (C:\Users\chen\.gradle\caches\8.4\javaCompile)" [_thread_blocked, id=29212, stack(0x0000000059280000,0x0000000059380000)]
  0x00000000654483a0 JavaThread "RMI TCP Connection(idle)" daemon [_thread_blocked, id=28504, stack(0x0000000000720000,0x0000000000820000)]
  0x0000000065447530 JavaThread "RMI TCP Connection(idle)" daemon [_thread_blocked, id=19956, stack(0x0000000000820000,0x0000000000920000)]
  0x0000000065448870 JavaThread "RMI TCP Connection(135)-127.0.0.1" daemon [_thread_in_native, id=26324, stack(0x0000000000920000,0x0000000000a20000)]
  0x0000000052f7e560 JavaThread "Daemon Thread 6" [_thread_blocked, id=31336, stack(0x0000000031800000,0x0000000031900000)]
  0x000000004ec315c0 JavaThread "Handler for socket connection from /127.0.0.1:57667 to /127.0.0.1:8153" [_thread_in_native, id=19480, stack(0x0000000031900000,0x0000000031a00000)]
  0x000000004ec310f0 JavaThread "Cancel handler" [_thread_blocked, id=27020, stack(0x0000000031a00000,0x0000000031b00000)]
  0x000000004ec345e0 JavaThread "Daemon worker Thread 6" [_thread_blocked, id=28212, stack(0x00000000350e0000,0x00000000351e0000)]
  0x000000004ef85490 JavaThread "Asynchronous log dispatcher for DefaultDaemonConnection: socket connection from /127.0.0.1:57667 to /127.0.0.1:8153" [_thread_blocked, id=28768, stack(0x00000000351e0000,0x00000000352e0000)]
  0x000000004ef82940 JavaThread "Stdin handler" [_thread_blocked, id=22980, stack(0x00000000352e0000,0x00000000353e0000)]
  0x000000004ef84af0 JavaThread "Daemon client event forwarder" [_thread_blocked, id=28140, stack(0x0000000035c00000,0x0000000035d00000)]
  0x000000004ef84fc0 JavaThread "Cache worker for checksums cache (D:\Doc\GitHub\site_androidApplication\.gradle\8.4\checksums)" [_thread_blocked, id=31332, stack(0x0000000035d00000,0x0000000035e00000)]
  0x000000004ef82e10 JavaThread "Cache worker for file hash cache (D:\Doc\GitHub\site_androidApplication\.gradle\8.4\fileHashes)" [_thread_blocked, id=3172, stack(0x0000000035e00000,0x0000000035f00000)]
  0x000000004ef82470 JavaThread "Cache worker for cache directory md-supplier (C:\Users\chen\.gradle\caches\8.4\md-supplier)" [_thread_blocked, id=28092, stack(0x0000000035f00000,0x0000000036000000)]
  0x000000004ef832e0 JavaThread "Cache worker for cache directory md-rule (C:\Users\chen\.gradle\caches\8.4\md-rule)" [_thread_blocked, id=30472, stack(0x0000000036000000,0x0000000036100000)]
  0x000000004ef837b0 JavaThread "Cache worker for dependencies-accessors (D:\Doc\GitHub\site_androidApplication\.gradle\8.4\dependencies-accessors)" [_thread_blocked, id=27968, stack(0x0000000039c00000,0x0000000039d00000)]
  0x000000004ef83c80 JavaThread "Cache worker for Build Output Cleanup Cache (D:\Doc\GitHub\site_androidApplication\.gradle\buildOutputCleanup)" [_thread_blocked, id=13432, stack(0x0000000039d00000,0x0000000039e00000)]
  0x00000000763823f0 JavaThread "Unconstrained build operations" [_thread_blocked, id=31496, stack(0x000000003a100000,0x000000003a200000)]
  0x0000000076380240 JavaThread "Unconstrained build operations Thread 2" [_thread_blocked, id=30588, stack(0x000000003a200000,0x000000003a300000)]
  0x000000007637fd70 JavaThread "Unconstrained build operations Thread 3" [_thread_blocked, id=19948, stack(0x000000003a300000,0x000000003a400000)]
  0x000000004f1a0d40 JavaThread "Unconstrained build operations Thread 4" [_thread_blocked, id=20756, stack(0x000000003d180000,0x000000003d280000)]
  0x000000004f1a33c0 JavaThread "Unconstrained build operations Thread 5" [_thread_blocked, id=24104, stack(0x000000003d280000,0x000000003d380000)]
  0x000000004f19fed0 JavaThread "Unconstrained build operations Thread 6" [_thread_blocked, id=20760, stack(0x000000003de00000,0x000000003df00000)]
  0x000000004f1a2a20 JavaThread "Unconstrained build operations Thread 7" [_thread_blocked, id=27640, stack(0x000000003df00000,0x000000003e000000)]
  0x000000004f19fa00 JavaThread "Unconstrained build operations Thread 8" [_thread_blocked, id=4392, stack(0x000000003e800000,0x000000003e900000)]
  0x000000004f1a2ef0 JavaThread "Unconstrained build operations Thread 9" [_thread_blocked, id=31400, stack(0x000000003e900000,0x000000003ea00000)]
  0x000000004f1a03a0 JavaThread "Unconstrained build operations Thread 10" [_thread_blocked, id=26104, stack(0x000000003ea00000,0x000000003eb00000)]
  0x000000004f1a0870 JavaThread "Unconstrained build operations Thread 11" [_thread_blocked, id=23896, stack(0x000000003eb00000,0x000000003ec00000)]
  0x000000004f1a1210 JavaThread "Unconstrained build operations Thread 12" [_thread_blocked, id=30668, stack(0x000000003ec00000,0x000000003ed00000)]
  0x000000004f1a16e0 JavaThread "Unconstrained build operations Thread 13" [_thread_blocked, id=29232, stack(0x000000003ed00000,0x000000003ee00000)]
  0x000000004f1a1bb0 JavaThread "Unconstrained build operations Thread 14" [_thread_blocked, id=26016, stack(0x000000003ee00000,0x000000003ef00000)]
  0x00000000535ead80 JavaThread "Unconstrained build operations Thread 15" [_thread_blocked, id=30332, stack(0x000000003ef00000,0x000000003f000000)]
  0x00000000535eb720 JavaThread "Unconstrained build operations Thread 16" [_thread_blocked, id=28024, stack(0x000000003f000000,0x000000003f100000)]
  0x00000000535e9a40 JavaThread "Unconstrained build operations Thread 17" [_thread_blocked, id=28480, stack(0x000000003f100000,0x000000003f200000)]
  0x00000000535ebbf0 JavaThread "Unconstrained build operations Thread 18" [_thread_blocked, id=20156, stack(0x000000003f200000,0x000000003f300000)]
  0x00000000535eca60 JavaThread "Unconstrained build operations Thread 19" [_thread_blocked, id=31356, stack(0x000000003f300000,0x000000003f400000)]
  0x0000000036a2bbe0 JavaThread "build event listener" [_thread_blocked, id=21724, stack(0x000000003f600000,0x000000003f700000)]
  0x0000000036a2c0b0 JavaThread "Kotlin DSL Writer" [_thread_blocked, id=28268, stack(0x000000003f500000,0x000000003f600000)]
  0x0000000036a2d3f0 JavaThread "included builds" [_thread_blocked, id=14288, stack(0x000000003f400000,0x000000003f500000)]
  0x0000000052f7dbc0 JavaThread "Execution worker" [_thread_blocked, id=30728, stack(0x000000004b900000,0x000000004ba00000)]
  0x0000000052f7e090 JavaThread "Execution worker Thread 2" [_thread_blocked, id=31636, stack(0x000000004ba00000,0x000000004bb00000)]
  0x0000000052f7cd50 JavaThread "Execution worker Thread 3" [_thread_blocked, id=27680, stack(0x000000004bb00000,0x000000004bc00000)]
  0x0000000052f7ea30 JavaThread "Execution worker Thread 4" [_thread_blocked, id=30696, stack(0x000000004c400000,0x000000004c500000)]
  0x0000000052f7ef00 JavaThread "Execution worker Thread 5" [_thread_blocked, id=22948, stack(0x000000004c500000,0x000000004c600000)]
  0x0000000052f7d220 JavaThread "Execution worker Thread 6" [_thread_blocked, id=14432, stack(0x000000004c600000,0x000000004c700000)]
  0x0000000052f7f8a0 JavaThread "Execution worker Thread 7" [_thread_blocked, id=31016, stack(0x000000004c700000,0x000000004c800000)]
  0x0000000052f7c3b0 JavaThread "Execution worker Thread 8" [_thread_blocked, id=16796, stack(0x000000004e800000,0x000000004e900000)]
  0x0000000052f7c880 JavaThread "Execution worker Thread 9" [_thread_blocked, id=1048, stack(0x000000004e900000,0x000000004ea00000)]
  0x0000000052f7d6f0 JavaThread "Execution worker Thread 10" [_thread_blocked, id=27876, stack(0x000000004ea00000,0x000000004eb00000)]
  0x000000003c0ae200 JavaThread "Execution worker Thread 11" [_thread_blocked, id=4700, stack(0x000000004eb00000,0x000000004ec00000)]
  0x000000003c0ae6d0 JavaThread "Execution worker Thread 12" [_thread_blocked, id=7760, stack(0x0000000051c00000,0x0000000051d00000)]
  0x000000004ec33c40 JavaThread "Execution worker Thread 13" [_thread_blocked, id=30996, stack(0x0000000051d00000,0x0000000051e00000)]
  0x000000004ec34ab0 JavaThread "Execution worker Thread 14" [_thread_blocked, id=30904, stack(0x0000000051e00000,0x0000000051f00000)]
  0x000000004ec31a90 JavaThread "Execution worker Thread 15" [_thread_blocked, id=31240, stack(0x0000000051f00000,0x0000000052000000)]
  0x000000004ec31f60 JavaThread "Execution worker Thread 16" [_thread_blocked, id=25952, stack(0x0000000052100000,0x0000000052200000)]
  0x000000004ec32430 JavaThread "Execution worker Thread 17" [_thread_blocked, id=30132, stack(0x0000000052200000,0x0000000052300000)]
  0x000000004ec332a0 JavaThread "Execution worker Thread 18" [_thread_blocked, id=28912, stack(0x0000000052300000,0x0000000052400000)]
  0x000000004ec33770 JavaThread "Execution worker Thread 19" [_thread_blocked, id=31020, stack(0x0000000053bd0000,0x0000000053cd0000)]
  0x000000003c0af540 JavaThread "Cache worker for execution history cache (D:\Doc\GitHub\site_androidApplication\.gradle\8.4\executionHistory)" [_thread_blocked, id=25832, stack(0x0000000053cd0000,0x0000000053dd0000)]
  0x000000003c0aeba0 JavaThread "Unconstrained build operations Thread 20" [_thread_blocked, id=31548, stack(0x0000000040a00000,0x0000000040b00000)]
  0x000000003c0af070 JavaThread "Unconstrained build operations Thread 21" [_thread_blocked, id=23112, stack(0x0000000053dd0000,0x0000000053ed0000)]
  0x0000000076381f20 JavaThread "Unconstrained build operations Thread 22" [_thread_blocked, id=29256, stack(0x0000000053ed0000,0x0000000053fd0000)]
  0x0000000076381580 JavaThread "Unconstrained build operations Thread 23" [_thread_blocked, id=29044, stack(0x0000000053fd0000,0x00000000540d0000)]
  0x000000007637ef00 JavaThread "Unconstrained build operations Thread 24" [_thread_blocked, id=27812, stack(0x00000000540d0000,0x00000000541d0000)]
  0x00000000763828c0 JavaThread "Unconstrained build operations Thread 25" [_thread_blocked, id=3740, stack(0x00000000541d0000,0x00000000542d0000)]
  0x0000000076382d90 JavaThread "Unconstrained build operations Thread 26" [_thread_blocked, id=31688, stack(0x00000000542d0000,0x00000000543d0000)]
  0x000000007637f3d0 JavaThread "Unconstrained build operations Thread 27" [_thread_blocked, id=29548, stack(0x00000000543d0000,0x00000000544d0000)]
  0x0000000076383260 JavaThread "Unconstrained build operations Thread 28" [_thread_blocked, id=31408, stack(0x00000000544d0000,0x00000000545d0000)]
  0x000000007637f8a0 JavaThread "Unconstrained build operations Thread 29" [_thread_blocked, id=30396, stack(0x00000000545d0000,0x00000000546d0000)]
  0x0000000076383c00 JavaThread "Unconstrained build operations Thread 30" [_thread_blocked, id=20308, stack(0x00000000546d0000,0x00000000547d0000)]
  0x00000000792afe80 JavaThread "Unconstrained build operations Thread 31" [_thread_blocked, id=10288, stack(0x00000000547d0000,0x00000000548d0000)]
  0x00000000792af9b0 JavaThread "Unconstrained build operations Thread 32" [_thread_blocked, id=30328, stack(0x00000000548d0000,0x00000000549d0000)]
  0x00000000792b0820 JavaThread "Unconstrained build operations Thread 33" [_thread_blocked, id=29920, stack(0x00000000549d0000,0x0000000054ad0000)]
  0x00000000792b0350 JavaThread "Unconstrained build operations Thread 34" [_thread_blocked, id=25900, stack(0x0000000054ad0000,0x0000000054bd0000)]
  0x00000000792b0cf0 JavaThread "Unconstrained build operations Thread 35" [_thread_blocked, id=23536, stack(0x0000000054bd0000,0x0000000054cd0000)]
  0x00000000792ad330 JavaThread "Unconstrained build operations Thread 36" [_thread_blocked, id=31004, stack(0x0000000054cd0000,0x0000000054dd0000)]
  0x00000000792ae1a0 JavaThread "Unconstrained build operations Thread 37" [_thread_blocked, id=31684, stack(0x0000000054dd0000,0x0000000054ed0000)]
  0x00000000792af4e0 JavaThread "Unconstrained build operations Thread 38" [_thread_blocked, id=28260, stack(0x0000000054ed0000,0x0000000054fd0000)]
  0x0000000042ef6a90 JavaThread "WorkerExecutor Queue" [_thread_blocked, id=31328, stack(0x0000000055800000,0x0000000055900000)]
  0x0000000076380710 JavaThread "Unconstrained build operations Thread 39" [_thread_blocked, id=25840, stack(0x0000000055900000,0x0000000055a00000)]
  0x00000000763840d0 JavaThread "Unconstrained build operations Thread 40" [_thread_blocked, id=24228, stack(0x0000000055a00000,0x0000000055b00000)]
  0x00000000763810b0 JavaThread "Unconstrained build operations Thread 41" [_thread_blocked, id=28132, stack(0x0000000055b00000,0x0000000055c00000)]
  0x0000000076383730 JavaThread "Unconstrained build operations Thread 42" [_thread_blocked, id=30188, stack(0x0000000055c00000,0x0000000055d00000)]
  0x0000000076380be0 JavaThread "Unconstrained build operations Thread 43" [_thread_blocked, id=29292, stack(0x0000000055d00000,0x0000000055e00000)]
  0x0000000076384a70 JavaThread "Unconstrained build operations Thread 44" [_thread_blocked, id=29828, stack(0x0000000055e00000,0x0000000055f00000)]
  0x0000000076384f40 JavaThread "Unconstrained build operations Thread 45" [_thread_blocked, id=27844, stack(0x0000000055f00000,0x0000000056000000)]
  0x0000000076385410 JavaThread "Unconstrained build operations Thread 46" [_thread_blocked, id=31256, stack(0x0000000056000000,0x0000000056100000)]
  0x0000000076381a50 JavaThread "Unconstrained build operations Thread 47" [_thread_blocked, id=22412, stack(0x0000000056100000,0x0000000056200000)]
  0x00000000763858e0 JavaThread "Unconstrained build operations Thread 48" [_thread_blocked, id=17820, stack(0x0000000056200000,0x0000000056300000)]
  0x0000000076386280 JavaThread "Unconstrained build operations Thread 49" [_thread_blocked, id=29832, stack(0x0000000056300000,0x0000000056400000)]
  0x0000000076385db0 JavaThread "Unconstrained build operations Thread 50" [_thread_blocked, id=30752, stack(0x0000000056400000,0x0000000056500000)]
  0x0000000076386750 JavaThread "Unconstrained build operations Thread 51" [_thread_blocked, id=18392, stack(0x0000000056500000,0x0000000056600000)]
  0x000000004eccef30 JavaThread "Unconstrained build operations Thread 52" [_thread_blocked, id=31488, stack(0x0000000056600000,0x0000000056700000)]
  0x000000004ecd1f50 JavaThread "Unconstrained build operations Thread 53" [_thread_blocked, id=30244, stack(0x0000000056700000,0x0000000056800000)]
  0x000000004eccfda0 JavaThread "Unconstrained build operations Thread 54" [_thread_blocked, id=25656, stack(0x0000000057000000,0x0000000057100000)]
  0x000000004eccf400 JavaThread "Unconstrained build operations Thread 55" [_thread_blocked, id=13688, stack(0x0000000057100000,0x0000000057200000)]
  0x000000004ecd0270 JavaThread "Unconstrained build operations Thread 56" [_thread_blocked, id=5316, stack(0x0000000057200000,0x0000000057300000)]
  0x0000000036a2d8c0 JavaThread "Unconstrained build operations Thread 57" [_thread_blocked, id=19736, stack(0x0000000057300000,0x0000000057400000)]
  0x0000000065449210 JavaThread "WorkerExecutor Queue Thread 2" [_thread_blocked, id=14296, stack(0x0000000057b30000,0x0000000057c30000)]
  0x0000000065448d40 JavaThread "WorkerExecutor Queue Thread 3" [_thread_blocked, id=24508, stack(0x0000000057c30000,0x0000000057d30000)]
  0x00000000654496e0 JavaThread "WorkerExecutor Queue Thread 4" [_thread_blocked, id=18800, stack(0x0000000057d30000,0x0000000057e30000)]
  0x0000000065449bb0 JavaThread "WorkerExecutor Queue Thread 5" [_thread_blocked, id=31716, stack(0x0000000057e30000,0x0000000057f30000)]
  0x000000006544aa20 JavaThread "WorkerExecutor Queue Thread 6" [_thread_blocked, id=10396, stack(0x0000000058170000,0x0000000058270000)]
  0x0000000065447a00 JavaThread "WorkerExecutor Queue Thread 7" [_thread_blocked, id=28468, stack(0x00000000584d0000,0x00000000585d0000)]
  0x0000000065447ed0 JavaThread "WorkerExecutor Queue Thread 8" [_thread_blocked, id=31440, stack(0x00000000585d0000,0x00000000586d0000)]
  0x000000004ed88090 JavaThread "WorkerExecutor Queue Thread 9" [_thread_blocked, id=26504, stack(0x00000000586d0000,0x00000000587d0000)]
  0x000000004ed88a30 JavaThread "WorkerExecutor Queue Thread 10" [_thread_blocked, id=10040, stack(0x00000000587d0000,0x00000000588d0000)]
  0x000000004ed87bc0 JavaThread "WorkerExecutor Queue Thread 11" [_thread_blocked, id=26468, stack(0x00000000588d0000,0x00000000589d0000)]
  0x000000004ed87220 JavaThread "WorkerExecutor Queue Thread 13" [_thread_blocked, id=29336, stack(0x0000000058ad0000,0x0000000058bd0000)]
  0x000000004ed86880 JavaThread "WorkerExecutor Queue Thread 14" [_thread_blocked, id=30264, stack(0x0000000058bd0000,0x0000000058cd0000)]
  0x000000004ed876f0 JavaThread "WorkerExecutor Queue Thread 15" [_thread_blocked, id=30616, stack(0x0000000057f30000,0x0000000058030000)]
  0x000000004ed86d50 JavaThread "WorkerExecutor Queue Thread 16" [_thread_blocked, id=28680, stack(0x0000000058e00000,0x0000000058f00000)]
  0x000000004ed85540 JavaThread "WorkerExecutor Queue Thread 18" [_thread_blocked, id=30796, stack(0x0000000059000000,0x0000000059100000)]
  0x000000004eccf8d0 JavaThread "WorkerExecutor Queue Thread 19" [_thread_blocked, id=16700, stack(0x0000000058270000,0x0000000058370000)]
  0x000000004f2cb400 JavaThread "WorkerExecutor Queue Thread 20" [_thread_blocked, id=26336, stack(0x0000000059380000,0x0000000059480000)]
  0x00000000535e9f10 JavaThread "Unconstrained build operations Thread 58" [_thread_blocked, id=27056, stack(0x0000000057900000,0x0000000057a00000)]
  0x0000000074ff3940 JavaThread "Unconstrained build operations Thread 59" [_thread_blocked, id=27676, stack(0x0000000058370000,0x0000000058470000)]
  0x0000000074ff42e0 JavaThread "Unconstrained build operations Thread 60" [_thread_blocked, id=28284, stack(0x0000000058cd0000,0x0000000058dd0000)]
  0x0000000074ff47b0 JavaThread "Unconstrained build operations Thread 61" [_thread_blocked, id=3316, stack(0x0000000059100000,0x0000000059200000)]
  0x0000000074ff3e10 JavaThread "Unconstrained build operations Thread 62" [_thread_blocked, id=8740, stack(0x0000000059480000,0x0000000059580000)]
  0x0000000074ff4c80 JavaThread "Unconstrained build operations Thread 63" [_thread_blocked, id=21288, stack(0x0000000059580000,0x0000000059680000)]
  0x0000000074ff5150 JavaThread "Unconstrained build operations Thread 64" [_thread_blocked, id=25820, stack(0x000000005a6c0000,0x000000005a7c0000)]
  0x000000005a3c7e40 JavaThread "Unconstrained build operations Thread 65" [_thread_blocked, id=21260, stack(0x000000005aa00000,0x000000005ab00000)]
  0x000000005a3c6630 JavaThread "Unconstrained build operations Thread 66" [_thread_blocked, id=24052, stack(0x000000005ab00000,0x000000005ac00000)]
  0x000000005a3c4e20 JavaThread "Unconstrained build operations Thread 67" [_thread_blocked, id=29796, stack(0x000000005b400000,0x000000005b500000)]
  0x000000005a3c6b00 JavaThread "Unconstrained build operations Thread 68" [_thread_blocked, id=30684, stack(0x000000005b500000,0x000000005b600000)]
  0x000000005a3c87e0 JavaThread "Unconstrained build operations Thread 69" [_thread_blocked, id=13116, stack(0x000000005b600000,0x000000005b700000)]
  0x000000005a3c52f0 JavaThread "Unconstrained build operations Thread 70" [_thread_blocked, id=30036, stack(0x000000005b700000,0x000000005b800000)]
  0x000000005a3c74a0 JavaThread "Unconstrained build operations Thread 71" [_thread_blocked, id=18628, stack(0x000000005b800000,0x000000005b900000)]
  0x000000005a3c57c0 JavaThread "Unconstrained build operations Thread 72" [_thread_blocked, id=27892, stack(0x000000005b900000,0x000000005ba00000)]
  0x000000005a3c5c90 JavaThread "Unconstrained build operations Thread 73" [_thread_blocked, id=18900, stack(0x000000005ba00000,0x000000005bb00000)]
  0x000000005a3c6160 JavaThread "Unconstrained build operations Thread 74" [_thread_blocked, id=16340, stack(0x000000005bb00000,0x000000005bc00000)]
  0x000000005a3c6fd0 JavaThread "Unconstrained build operations Thread 75" [_thread_blocked, id=23240, stack(0x000000005c400000,0x000000005c500000)]
  0x000000005a3c7970 JavaThread "Unconstrained build operations Thread 76" [_thread_blocked, id=19420, stack(0x000000005c500000,0x000000005c600000)]
  0x00000000340b9e10 JavaThread "Unconstrained build operations Thread 77" [_thread_blocked, id=2824, stack(0x000000005c600000,0x000000005c700000)]
  0x0000000042f169b0 JavaThread "Unconstrained build operations Thread 78" [_thread_blocked, id=27992, stack(0x000000005c700000,0x000000005c800000)]
  0x0000000042f16e80 JavaThread "Unconstrained build operations Thread 79" [_thread_blocked, id=28380, stack(0x000000005d000000,0x000000005d100000)]
  0x0000000042f19500 JavaThread "Unconstrained build operations Thread 80" [_thread_blocked, id=25032, stack(0x000000005d100000,0x000000005d200000)]
  0x0000000042f17cf0 JavaThread "Unconstrained build operations Thread 81" [_thread_blocked, id=20060, stack(0x000000005d200000,0x000000005d300000)]
  0x0000000042f17350 JavaThread "Unconstrained build operations Thread 82" [_thread_blocked, id=30956, stack(0x000000005d300000,0x000000005d400000)]
  0x0000000042f199d0 JavaThread "Unconstrained build operations Thread 83" [_thread_blocked, id=30840, stack(0x000000005e400000,0x000000005e500000)]
  0x0000000042f18690 JavaThread "Unconstrained build operations Thread 84" [_thread_blocked, id=27800, stack(0x000000005e500000,0x000000005e600000)]
  0x0000000042f18b60 JavaThread "Unconstrained build operations Thread 85" [_thread_blocked, id=26592, stack(0x000000005e600000,0x000000005e700000)]
  0x0000000042f19030 JavaThread "Unconstrained build operations Thread 86" [_thread_blocked, id=31652, stack(0x000000005e700000,0x000000005e800000)]
  0x000000003421edf0 JavaThread "Unconstrained build operations Thread 87" [_thread_blocked, id=29740, stack(0x000000005f860000,0x000000005f960000)]
  0x000000003421fc60 JavaThread "Unconstrained build operations Thread 88" [_thread_blocked, id=30612, stack(0x000000005f960000,0x000000005fa60000)]
  0x000000003bacd8a0 JavaThread "Unconstrained build operations Thread 89" [_thread_blocked, id=16628, stack(0x000000005fac0000,0x000000005fbc0000)]
  0x000000003bacad50 JavaThread "Unconstrained build operations Thread 90" [_thread_blocked, id=15868, stack(0x000000005fbc0000,0x000000005fcc0000)]
  0x000000003bace240 JavaThread "Unconstrained build operations Thread 91" [_thread_blocked, id=30896, stack(0x000000005fcc0000,0x000000005fdc0000)]
  0x000000003bacb220 JavaThread "Unconstrained build operations Thread 92" [_thread_blocked, id=30464, stack(0x000000005fdc0000,0x000000005fec0000)]
  0x000000003bacbbc0 JavaThread "Unconstrained build operations Thread 93" [_thread_blocked, id=15380, stack(0x000000005fec0000,0x000000005ffc0000)]
  0x000000003bacc090 JavaThread "Unconstrained build operations Thread 94" [_thread_blocked, id=29432, stack(0x000000005ffc0000,0x00000000600c0000)]
  0x000000003bacdd70 JavaThread "Unconstrained build operations Thread 95" [_thread_blocked, id=31376, stack(0x00000000600c0000,0x00000000601c0000)]
  0x000000003baca880 JavaThread "Unconstrained build operations Thread 96" [_thread_blocked, id=22200, stack(0x00000000601c0000,0x00000000602c0000)]
  0x000000004dbe6670 JavaThread "Unconstrained build operations Thread 97" [_thread_blocked, id=26784, stack(0x00000000603c0000,0x00000000604c0000)]
  0x000000004dbe3650 JavaThread "Unconstrained build operations Thread 98" [_thread_blocked, id=11420, stack(0x00000000604c0000,0x00000000605c0000)]
  0x000000004dbe3ff0 JavaThread "Unconstrained build operations Thread 99" [_thread_blocked, id=30568, stack(0x00000000605c0000,0x00000000606c0000)]
  0x000000004dbe44c0 JavaThread "Unconstrained build operations Thread 100" [_thread_blocked, id=31200, stack(0x00000000606c0000,0x00000000607c0000)]
  0x000000004dbe5800 JavaThread "Unconstrained build operations Thread 101" [_thread_blocked, id=30544, stack(0x0000000061000000,0x0000000061100000)]
  0x000000004dbe5cd0 JavaThread "Unconstrained build operations Thread 102" [_thread_blocked, id=31168, stack(0x0000000061100000,0x0000000061200000)]
  0x000000004dbe2cb0 JavaThread "Unconstrained build operations Thread 103" [_thread_blocked, id=19940, stack(0x0000000061400000,0x0000000061500000)]
  0x000000004dbe4990 JavaThread "Unconstrained build operations Thread 104" [_thread_blocked, id=30860, stack(0x0000000061500000,0x0000000061600000)]
  0x0000000068c00c90 JavaThread "Unconstrained build operations Thread 105" [_thread_blocked, id=27784, stack(0x0000000061600000,0x0000000061700000)]
  0x0000000068bffe20 JavaThread "Unconstrained build operations Thread 106" [_thread_blocked, id=18324, stack(0x0000000061700000,0x0000000061800000)]
  0x0000000068c01fd0 JavaThread "Unconstrained build operations Thread 107" [_thread_blocked, id=30220, stack(0x0000000061800000,0x0000000061900000)]
  0x0000000068c01630 JavaThread "Unconstrained build operations Thread 108" [_thread_blocked, id=29192, stack(0x0000000061900000,0x0000000061a00000)]
  0x0000000068c002f0 JavaThread "Unconstrained build operations Thread 109" [_thread_blocked, id=2436, stack(0x0000000061a00000,0x0000000061b00000)]
  0x0000000068c024a0 JavaThread "Unconstrained build operations Thread 110" [_thread_blocked, id=26464, stack(0x0000000061b00000,0x0000000061c00000)]
  0x0000000068c007c0 JavaThread "Unconstrained build operations Thread 111" [_thread_blocked, id=31344, stack(0x0000000061c00000,0x0000000061d00000)]
  0x0000000068c01160 JavaThread "Unconstrained build operations Thread 112" [_thread_blocked, id=14760, stack(0x0000000061d00000,0x0000000061e00000)]
  0x0000000068c02970 JavaThread "Unconstrained build operations Thread 113" [_thread_blocked, id=10812, stack(0x0000000061e00000,0x0000000061f00000)]
  0x0000000068bfefb0 JavaThread "Unconstrained build operations Thread 114" [_thread_blocked, id=25868, stack(0x0000000061f00000,0x0000000062000000)]
  0x000000004d90f4d0 JavaThread "Unconstrained build operations Thread 115" [_thread_blocked, id=13560, stack(0x0000000062000000,0x0000000062100000)]
  0x0000000036a2dd90 JavaThread "WorkerExecutor Queue Thread 21" [_thread_blocked, id=16012, stack(0x0000000062100000,0x0000000062200000)]
  0x000000003421f2c0 JavaThread "Unconstrained build operations Thread 116" [_thread_blocked, id=2180, stack(0x0000000057800000,0x0000000057900000)]
  0x000000003421f790 JavaThread "Unconstrained build operations Thread 117" [_thread_blocked, id=29444, stack(0x0000000057700000,0x0000000057800000)]
  0x00000000754624c0 JavaThread "Unconstrained build operations Thread 118" [_thread_blocked, id=26908, stack(0x0000000062200000,0x0000000062300000)]
  0x0000000075460310 JavaThread "Unconstrained build operations Thread 119" [_thread_blocked, id=30828, stack(0x0000000062300000,0x0000000062400000)]
  0x0000000075461180 JavaThread "Unconstrained build operations Thread 120" [_thread_blocked, id=11492, stack(0x0000000062400000,0x0000000062500000)]
  0x000000007545fe40 JavaThread "Unconstrained build operations Thread 121" [_thread_blocked, id=31736, stack(0x0000000062500000,0x0000000062600000)]
  0x0000000075460cb0 JavaThread "Unconstrained build operations Thread 122" [_thread_blocked, id=31132, stack(0x0000000062600000,0x0000000062700000)]
  0x00000000754607e0 JavaThread "Unconstrained build operations Thread 123" [_thread_blocked, id=29924, stack(0x0000000062700000,0x0000000062800000)]
  0x000000004ecd0740 JavaThread "Unconstrained build operations Thread 124" [_thread_blocked, id=28792, stack(0x0000000062800000,0x0000000062900000)]
  0x000000004ecd0c10 JavaThread "Unconstrained build operations Thread 125" [_thread_blocked, id=31444, stack(0x0000000062900000,0x0000000062a00000)]
  0x000000004ecd10e0 JavaThread "Unconstrained build operations Thread 126" [_thread_blocked, id=28232, stack(0x0000000062a00000,0x0000000062b00000)]
  0x00000000645cbad0 JavaThread "Unconstrained build operations Thread 127" [_thread_blocked, id=26684, stack(0x0000000062b00000,0x0000000062c00000)]
  0x00000000645cc470 JavaThread "Unconstrained build operations Thread 128" [_thread_blocked, id=29424, stack(0x0000000063400000,0x0000000063500000)]
  0x00000000535ec0c0 JavaThread "Unconstrained build operations Thread 129" [_thread_blocked, id=28892, stack(0x0000000063500000,0x0000000063600000)]
  0x00000000535ecf30 JavaThread "Unconstrained build operations Thread 130" [_thread_blocked, id=7428, stack(0x0000000063600000,0x0000000063700000)]
  0x00000000535ec590 JavaThread "Unconstrained build operations Thread 131" [_thread_blocked, id=27848, stack(0x0000000063700000,0x0000000063800000)]
  0x0000000042f32f80 JavaThread "Unconstrained build operations Thread 132" [_thread_blocked, id=27028, stack(0x0000000063800000,0x0000000063900000)]
  0x0000000042f33450 JavaThread "Unconstrained build operations Thread 133" [_thread_blocked, id=28080, stack(0x0000000063900000,0x0000000063a00000)]
  0x0000000042f35fa0 JavaThread "Unconstrained build operations Thread 134" [_thread_blocked, id=17324, stack(0x0000000063a00000,0x0000000063b00000)]
  0x0000000042f33920 JavaThread "Unconstrained build operations Thread 135" [_thread_blocked, id=25764, stack(0x0000000063b00000,0x0000000063c00000)]
  0x0000000036a2e260 JavaThread "pool-27-thread-1" [_thread_blocked, id=1576, stack(0x0000000063c00000,0x0000000063d00000)]
  0x000000004f2cc270 JavaThread "stderr" [_thread_in_native, id=13504, stack(0x0000000063d00000,0x0000000063e00000)]
  0x000000004f2cc740 JavaThread "stdout" [_thread_in_native, id=16188, stack(0x0000000063e00000,0x0000000063f00000)]
  0x00000000340ba7b0 JavaThread "stderr" [_thread_in_native, id=26312, stack(0x0000000063f00000,0x0000000064000000)]
  0x00000000340bb620 JavaThread "stdout" [_thread_in_native, id=31316, stack(0x0000000064000000,0x0000000064100000)]
  0x000000005f0414a0 JavaThread "stderr" [_thread_in_native, id=19964, stack(0x0000000064100000,0x0000000064200000)]
  0x000000005f03dfb0 JavaThread "stdout" [_thread_in_native, id=16624, stack(0x0000000064200000,0x0000000064300000)]
  0x000000004ed85a10 JavaThread "Unconstrained build operations Thread 136" [_thread_blocked, id=24664, stack(0x0000000057500000,0x0000000057600000)]
  0x000000004ed85ee0 JavaThread "Unconstrained build operations Thread 137" [_thread_blocked, id=25672, stack(0x0000000057600000,0x0000000057700000)]
  0x000000004d61dc10 JavaThread "Unconstrained build operations Thread 138" [_thread_blocked, id=25636, stack(0x0000000058030000,0x0000000058130000)]
  0x000000004d61e0e0 JavaThread "Unconstrained build operations Thread 139" [_thread_blocked, id=31208, stack(0x0000000064300000,0x0000000064400000)]
  0x000000004d61e5b0 JavaThread "Unconstrained build operations Thread 140" [_thread_blocked, id=24048, stack(0x00000000654b0000,0x00000000655b0000)]
  0x000000004d61f8f0 JavaThread "Unconstrained build operations Thread 141" [_thread_blocked, id=31564, stack(0x00000000655b0000,0x00000000656b0000)]
  0x00000000792ad800 JavaThread "Unconstrained build operations Thread 142" [_thread_blocked, id=28392, stack(0x00000000656b0000,0x00000000657b0000)]
  0x00000000792adcd0 JavaThread "Unconstrained build operations Thread 143" [_thread_blocked, id=20144, stack(0x0000000066000000,0x0000000066100000)]
  0x00000000792ae670 JavaThread "Unconstrained build operations Thread 144" [_thread_blocked, id=31380, stack(0x0000000066100000,0x0000000066200000)]
  0x00000000792aeb40 JavaThread "Unconstrained build operations Thread 145" [_thread_blocked, id=30052, stack(0x0000000066200000,0x0000000066300000)]
  0x00000000792af010 JavaThread "Unconstrained build operations Thread 146" [_thread_blocked, id=30980, stack(0x0000000066300000,0x0000000066400000)]
  0x0000000073d51aa0 JavaThread "Unconstrained build operations Thread 147" [_thread_blocked, id=16652, stack(0x0000000066400000,0x0000000066500000)]
  0x0000000073d51f70 JavaThread "Unconstrained build operations Thread 148" [_thread_blocked, id=28880, stack(0x0000000066500000,0x0000000066600000)]
  0x0000000073d52440 JavaThread "Unconstrained build operations Thread 149" [_thread_blocked, id=5616, stack(0x0000000066600000,0x0000000066700000)]
  0x0000000073d52910 JavaThread "Unconstrained build operations Thread 150" [_thread_blocked, id=25000, stack(0x0000000066700000,0x0000000066800000)]
  0x0000000073d52de0 JavaThread "Unconstrained build operations Thread 151" [_thread_blocked, id=20124, stack(0x0000000066800000,0x0000000066900000)]
  0x0000000073d532b0 JavaThread "Unconstrained build operations Thread 152" [_thread_blocked, id=28056, stack(0x0000000066900000,0x0000000066a00000)]
  0x0000000073d53780 JavaThread "Unconstrained build operations Thread 153" [_thread_blocked, id=29128, stack(0x0000000066a00000,0x0000000066b00000)]
  0x0000000073d50c30 JavaThread "Unconstrained build operations Thread 154" [_thread_blocked, id=30676, stack(0x0000000066b00000,0x0000000066c00000)]
  0x000000004f2cbda0 JavaThread "Unconstrained build operations Thread 155" [_thread_blocked, id=9484, stack(0x0000000066e00000,0x0000000066f00000)]
  0x000000004f2ccc10 JavaThread "Unconstrained build operations Thread 156" [_thread_blocked, id=4824, stack(0x0000000066f00000,0x0000000067000000)]
  0x000000004f2cda80 JavaThread "Unconstrained build operations Thread 157" [_thread_blocked, id=10788, stack(0x0000000067000000,0x0000000067100000)]
  0x000000004f2cb8d0 JavaThread "Unconstrained build operations Thread 158" [_thread_blocked, id=30028, stack(0x0000000067100000,0x0000000067200000)]
  0x00000000321e39b0 JavaThread "Unconstrained build operations Thread 159" [_thread_blocked, id=27696, stack(0x0000000067200000,0x0000000067300000)]
  0x00000000321e2b40 JavaThread "Unconstrained build operations Thread 160" [_thread_blocked, id=29188, stack(0x0000000067300000,0x0000000067400000)]
  0x0000000075b07020 JavaThread "Unconstrained build operations Thread 161" [_thread_blocked, id=27108, stack(0x0000000067400000,0x0000000067500000)]
  0x0000000075b08360 JavaThread "Unconstrained build operations Thread 162" [_thread_blocked, id=30084, stack(0x0000000067500000,0x0000000067600000)]
  0x0000000075b08830 JavaThread "Unconstrained build operations Thread 163" [_thread_blocked, id=12968, stack(0x0000000067600000,0x0000000067700000)]
  0x0000000075b074f0 JavaThread "Unconstrained build operations Thread 164" [_thread_blocked, id=29660, stack(0x0000000067700000,0x0000000067800000)]
  0x0000000075b07e90 JavaThread "Unconstrained build operations Thread 165" [_thread_blocked, id=31264, stack(0x0000000067800000,0x0000000067900000)]
  0x0000000075b079c0 JavaThread "Unconstrained build operations Thread 166" [_thread_blocked, id=30260, stack(0x0000000067900000,0x0000000067a00000)]
  0x0000000059a8c280 JavaThread "Unconstrained build operations Thread 167" [_thread_blocked, id=9440, stack(0x0000000067a00000,0x0000000067b00000)]
  0x0000000059a8cc20 JavaThread "Unconstrained build operations Thread 168" [_thread_blocked, id=9068, stack(0x0000000067b00000,0x0000000067c00000)]
  0x0000000059a8d0f0 JavaThread "Unconstrained build operations Thread 169" [_thread_blocked, id=1044, stack(0x0000000067c00000,0x0000000067d00000)]
  0x0000000059a8d5c0 JavaThread "Unconstrained build operations Thread 170" [_thread_blocked, id=26344, stack(0x0000000067ef0000,0x0000000067ff0000)]
  0x0000000059a8c750 JavaThread "Unconstrained build operations Thread 171" [_thread_blocked, id=30216, stack(0x0000000067ff0000,0x00000000680f0000)]
  0x0000000059a8da90 JavaThread "Unconstrained build operations Thread 172" [_thread_blocked, id=20128, stack(0x00000000680f0000,0x00000000681f0000)]
  0x0000000059a8df60 JavaThread "Unconstrained build operations Thread 173" [_thread_blocked, id=28980, stack(0x0000000068440000,0x0000000068540000)]
  0x0000000059a8e900 JavaThread "Unconstrained build operations Thread 174" [_thread_blocked, id=15896, stack(0x0000000058f00000,0x0000000059000000)]
  0x0000000059a8f2a0 JavaThread "Unconstrained build operations Thread 175" [_thread_blocked, id=26704, stack(0x0000000066c00000,0x0000000066d00000)]
  0x0000000059a8e430 JavaThread "Unconstrained build operations Thread 176" [_thread_blocked, id=22144, stack(0x0000000066d00000,0x0000000066e00000)]
  0x0000000059a8edd0 JavaThread "Unconstrained build operations Thread 177" [_thread_blocked, id=26668, stack(0x0000000069580000,0x0000000069680000)]
  0x0000000059a8b8e0 JavaThread "Unconstrained build operations Thread 178" [_thread_blocked, id=31388, stack(0x0000000069680000,0x0000000069780000)]
  0x0000000059a8bdb0 JavaThread "Unconstrained build operations Thread 179" [_thread_blocked, id=2544, stack(0x0000000069780000,0x0000000069880000)]
  0x000000003842d3f0 JavaThread "Unconstrained build operations Thread 180" [_thread_blocked, id=30120, stack(0x0000000069880000,0x0000000069980000)]
  0x000000003842d8c0 JavaThread "Unconstrained build operations Thread 181" [_thread_blocked, id=22068, stack(0x0000000069980000,0x0000000069a80000)]
  0x000000003842f0d0 JavaThread "Unconstrained build operations Thread 182" [_thread_blocked, id=22868, stack(0x0000000069a80000,0x0000000069b80000)]
  0x000000003842f5a0 JavaThread "Unconstrained build operations Thread 183" [_thread_blocked, id=18252, stack(0x0000000069b80000,0x0000000069c80000)]
  0x000000003842fa70 JavaThread "Unconstrained build operations Thread 184" [_thread_blocked, id=2164, stack(0x0000000069c80000,0x0000000069d80000)]
  0x000000003842ff40 JavaThread "Unconstrained build operations Thread 185" [_thread_blocked, id=31260, stack(0x0000000069d80000,0x0000000069e80000)]
  0x00000000384308e0 JavaThread "Unconstrained build operations Thread 186" [_thread_blocked, id=30908, stack(0x0000000069e80000,0x0000000069f80000)]
  0x000000003842dd90 JavaThread "Unconstrained build operations Thread 187" [_thread_blocked, id=31560, stack(0x0000000069f80000,0x000000006a080000)]
  0x000000003842e730 JavaThread "Unconstrained build operations Thread 188" [_thread_blocked, id=30492, stack(0x000000006a080000,0x000000006a180000)]
  0x0000000038430410 JavaThread "Unconstrained build operations Thread 189" [_thread_blocked, id=30436, stack(0x000000006a180000,0x000000006a280000)]
  0x000000003842cf20 JavaThread "Unconstrained build operations Thread 190" [_thread_blocked, id=28848, stack(0x000000006a280000,0x000000006a380000)]
  0x000000003842e260 JavaThread "Unconstrained build operations Thread 191" [_thread_blocked, id=20032, stack(0x000000006a380000,0x000000006a480000)]
  0x000000003b779180 JavaThread "Unconstrained build operations Thread 192" [_thread_blocked, id=29640, stack(0x000000006a480000,0x000000006a580000)]
  0x00000000776b5be0 JavaThread "Unconstrained build operations Thread 193" [_thread_blocked, id=27352, stack(0x0000000057a00000,0x0000000057b00000)]
  0x00000000776b6580 JavaThread "Unconstrained build operations Thread 194" [_thread_blocked, id=28008, stack(0x000000006a580000,0x000000006a680000)]
  0x00000000776b60b0 JavaThread "Unconstrained build operations Thread 195" [_thread_blocked, id=27744, stack(0x000000006a680000,0x000000006a780000)]
  0x00000000776b6a50 JavaThread "Unconstrained build operations Thread 196" [_thread_blocked, id=25084, stack(0x000000006a780000,0x000000006a880000)]
  0x00000000776b6f20 JavaThread "Unconstrained build operations Thread 197" [_thread_blocked, id=30324, stack(0x000000006a9a0000,0x000000006aaa0000)]
  0x00000000776b5710 JavaThread "Unconstrained build operations Thread 198" [_thread_blocked, id=30636, stack(0x000000006aaa0000,0x000000006aba0000)]
  0x000000004f76f0e0 JavaThread "Unconstrained build operations Thread 199" [_thread_blocked, id=26984, stack(0x0000000076ae0000,0x0000000076be0000)]
  0x000000004f76fa80 JavaThread "Unconstrained build operations Thread 200" [_thread_blocked, id=24724, stack(0x000000007bc00000,0x000000007bd00000)]
  0x000000005f634530 JavaThread "C1 CompilerThread1" daemon [_thread_blocked, id=28684, stack(0x0000000057400000,0x0000000057500000)]
  0x0000000038c191d0 JavaThread "WorkerExecutor Queue Thread 22" [_thread_blocked, id=17012, stack(0x000000007c220000,0x000000007c320000)]
  0x000000005a3c8310 JavaThread "RMI RenewClean-[127.0.0.1:17298,org.jetbrains.kotlin.daemon.common.LoopbackNetworkInterface$ClientLoopbackSocketFactory@73b4d71a]" daemon [_thread_blocked, id=29308, stack(0x000000007c420000,0x000000007c520000)]
  0x0000000038c1c1f0 JavaThread "RMI TCP Accept-0" daemon [_thread_in_native, id=29436, stack(0x000000007c520000,0x000000007c620000)]
  0x0000000073e33cd0 JavaThread "C2 CompilerThread1" daemon [_thread_in_native, id=20700, stack(0x000000007bd00000,0x000000007be00000)]
  0x00000000758223e0 JavaThread "C2 CompilerThread2" daemon [_thread_blocked, id=29668, stack(0x000000007c120000,0x000000007c220000)]
  0x0000000073e32da0 JavaThread "C2 CompilerThread3" daemon [_thread_in_native, id=27760, stack(0x000000007c620000,0x000000007c720000)]
  0x00000000758214b0 JavaThread "C2 CompilerThread4" daemon [_thread_in_native, id=5500, stack(0x000000007f000000,0x000000007f100000)]
=>0x000000005f634a40 JavaThread "C2 CompilerThread5" daemon [_thread_in_native, id=30540, stack(0x000000007f100000,0x000000007f200000)]
  0x000000005f634f50 JavaThread "C2 CompilerThread6" daemon [_thread_in_native, id=30884, stack(0x000000007f200000,0x000000007f300000)]
  0x0000000033413560 JavaThread "C2 CompilerThread7" daemon [_thread_blocked, id=29060, stack(0x000000007f300000,0x000000007f400000)]

Other Threads:
  0x000000002fbca940 VMThread "VM Thread" [stack: 0x0000000030030000,0x0000000030130000] [id=26988]
  0x000000002fa06c70 WatcherThread [stack: 0x0000000031c00000,0x0000000031d00000] [id=26524]
  0x0000000002cf1290 GCTaskThread "GC Thread#0" [stack: 0x000000002c930000,0x000000002ca30000] [id=26216]
  0x00000000329d4220 GCTaskThread "GC Thread#1" [stack: 0x00000000336d0000,0x00000000337d0000] [id=13784]
  0x000000003211cc20 GCTaskThread "GC Thread#2" [stack: 0x00000000337d0000,0x00000000338d0000] [id=27064]
  0x000000003211ced0 GCTaskThread "GC Thread#3" [stack: 0x00000000338d0000,0x00000000339d0000] [id=17564]
  0x000000003211d180 GCTaskThread "GC Thread#4" [stack: 0x00000000339d0000,0x0000000033ad0000] [id=2100]
  0x00000000329f14f0 GCTaskThread "GC Thread#5" [stack: 0x0000000033ad0000,0x0000000033bd0000] [id=27132]
  0x0000000033406eb0 GCTaskThread "GC Thread#6" [stack: 0x0000000036100000,0x0000000036200000] [id=27608]
  0x0000000032d97a30 GCTaskThread "GC Thread#7" [stack: 0x0000000036200000,0x0000000036300000] [id=4504]
  0x000000003496d430 GCTaskThread "GC Thread#8" [stack: 0x0000000036300000,0x0000000036400000] [id=13280]
  0x0000000034001f60 GCTaskThread "GC Thread#9" [stack: 0x0000000036400000,0x0000000036500000] [id=19408]
  0x00000000340909f0 GCTaskThread "GC Thread#10" [stack: 0x0000000036500000,0x0000000036600000] [id=4024]
  0x0000000034090740 GCTaskThread "GC Thread#11" [stack: 0x0000000036600000,0x0000000036700000] [id=25888]
  0x0000000034091f70 GCTaskThread "GC Thread#12" [stack: 0x0000000036700000,0x0000000036800000] [id=25588]
  0x0000000034091cc0 GCTaskThread "GC Thread#13" [stack: 0x0000000036800000,0x0000000036900000] [id=21048]
  0x0000000034091200 GCTaskThread "GC Thread#14" [stack: 0x0000000036900000,0x0000000036a00000] [id=26676]
  0x0000000002d02800 ConcurrentGCThread "G1 Main Marker" [stack: 0x000000002ca30000,0x000000002cb30000] [id=10552]
  0x0000000002d04e10 ConcurrentGCThread "G1 Conc#0" [stack: 0x000000002cb30000,0x000000002cc30000] [id=22872]
  0x0000000034300060 ConcurrentGCThread "G1 Conc#1" [stack: 0x0000000037dd0000,0x0000000037ed0000] [id=26244]
  0x00000000342fc7f0 ConcurrentGCThread "G1 Conc#2" [stack: 0x0000000038130000,0x0000000038230000] [id=26968]
  0x00000000342fe580 ConcurrentGCThread "G1 Conc#3" [stack: 0x0000000039230000,0x0000000039330000] [id=1440]
  0x000000002fa79300 ConcurrentGCThread "G1 Refine#0" [stack: 0x000000002fe30000,0x000000002ff30000] [id=23296]
  0x0000000038f4e0f0 ConcurrentGCThread "G1 Refine#1" [stack: 0x000000003f700000,0x000000003f800000] [id=17472]
  0x0000000038f4cfb0 ConcurrentGCThread "G1 Refine#2" [stack: 0x000000003f800000,0x000000003f900000] [id=26024]
  0x000000003b049910 ConcurrentGCThread "G1 Refine#3" [stack: 0x000000003a000000,0x000000003a100000] [id=25584]
  0x000000003b04ad30 ConcurrentGCThread "G1 Refine#4" [stack: 0x000000003f900000,0x000000003fa00000] [id=9060]
  0x000000003b049bf0 ConcurrentGCThread "G1 Refine#5" [stack: 0x0000000040b00000,0x0000000040c00000] [id=25412]
  0x0000000038f4db30 ConcurrentGCThread "G1 Refine#6" [stack: 0x0000000041400000,0x0000000041500000] [id=25444]
  0x0000000038f4e3d0 ConcurrentGCThread "G1 Refine#7" [stack: 0x0000000041500000,0x0000000041600000] [id=26964]
  0x0000000038f4e990 ConcurrentGCThread "G1 Refine#8" [stack: 0x0000000041600000,0x0000000041700000] [id=26620]
  0x000000003b33e5c0 ConcurrentGCThread "G1 Refine#9" [stack: 0x0000000041700000,0x0000000041800000] [id=22440]
  0x000000003b33da40 ConcurrentGCThread "G1 Refine#10" [stack: 0x000000004b800000,0x000000004b900000] [id=25024]
  0x000000005313ede0 ConcurrentGCThread "G1 Refine#11" [stack: 0x0000000068240000,0x0000000068340000] [id=28640]
  0x000000005e9e17e0 ConcurrentGCThread "G1 Refine#12" [stack: 0x0000000068340000,0x0000000068440000] [id=22424]
  0x000000005e9e0c60 ConcurrentGCThread "G1 Refine#13" [stack: 0x000000007bf00000,0x000000007c000000] [id=9132]
  0x000000005e9e1ac0 ConcurrentGCThread "G1 Refine#14" [stack: 0x000000007c320000,0x000000007c420000] [id=27484]
  0x000000002fa7ab40 ConcurrentGCThread "G1 Service" [stack: 0x000000002ff30000,0x0000000030030000] [id=23876]

Threads with active compile tasks:
C2 CompilerThread0  3619315 86809       4       com.android.tools.r8.ir.regalloc.b::a (1530 bytes)
C1 CompilerThread0  3619315 86872 %     3       com.android.tools.r8.internal.wt::a @ 333 (412 bytes)
C1 CompilerThread1  3619315 86860       2       com.android.tools.r8.internal.jd::a (5041 bytes)
C2 CompilerThread1  3619315 86770       4       com.android.tools.r8.internal.w9::a (1763 bytes)
C2 CompilerThread2  3619315 86812 %     4       com.android.tools.r8.ir.regalloc.b::j @ 911 (1048 bytes)
C2 CompilerThread3  3619315 86758       4       com.android.tools.r8.internal.At::d (1116 bytes)
C2 CompilerThread4  3619315 86763       4       com.android.tools.r8.internal.kb0::a (334 bytes)
C2 CompilerThread5  3619315 86761       4       com.android.tools.r8.internal.De::b (593 bytes)
C2 CompilerThread6  3619315 86759       4       com.android.tools.r8.internal.zg0::b (604 bytes)
C2 CompilerThread7  3619315 86852   !   4       com.android.tools.r8.graph.G2::toString (17 bytes)

VM state: at safepoint (normal execution)

VM Mutex/Monitor currently owned by a thread:  ([mutex/lock_event])
[0x0000000002c75d50] Threads_lock - owner thread: 0x000000002fbca940
[0x0000000002c75210] Heap_lock - owner thread: 0x00000000763858e0

Heap address: 0x000000060c000000, size: 8000 MB, Compressed Oops mode: Zero based, Oop shift amount: 3

CDS archive(s) mapped at: [0x0000000800000000-0x0000000800bc0000-0x0000000800bc0000), size 12320768, SharedBaseAddress: 0x0000000800000000, ArchiveRelocationMode: 0.
Compressed class space mapped at: 0x0000000800c00000-0x0000000840c00000, reserved size: 1073741824
Narrow klass base: 0x0000000800000000, Narrow klass shift: 0, Narrow klass range: 0x100000000

GC Precious Log:
 CPUs: 20 total, 20 available
 Memory: 16109M
 Large Page Support: Disabled
 NUMA Support: Disabled
 Compressed Oops: Enabled (Zero based)
 Heap Region Size: 4M
 Heap Min Capacity: 8M
 Heap Initial Capacity: 252M
 Heap Max Capacity: 8000M
 Pre-touch: Disabled
 Parallel Workers: 15
 Concurrent Workers: 4
 Concurrent Refinement Workers: 15
 Periodic GC: Disabled

Heap:
 garbage-first heap   total 4489216K, used 3551039K [0x000000060c000000, 0x0000000800000000)
  region size 4096K, 656 young (2686976K), 41 survivors (167936K)
 Metaspace       used 385271K, committed 387904K, reserved 1384448K
  class space    used 51043K, committed 52352K, reserved 1048576K

Heap Regions: E=young(eden), S=young(survivor), O=old, HS=humongous(starts), HC=humongous(continues), CS=collection set, F=free, OA=open archive, CA=closed archive, TAMS=top-at-mark-start (previous, next)
|   0|0x000000060c000000, 0x000000060c400000, 0x000000060c400000|100%|HS|  |TAMS 0x000000060c400000, 0x000000060c000000| Complete 
|   1|0x000000060c400000, 0x000000060c800000, 0x000000060c800000|100%| O|  |TAMS 0x000000060c800000, 0x000000060c400000| Untracked 
|   2|0x000000060c800000, 0x000000060cc00000, 0x000000060cc00000|100%| O|  |TAMS 0x000000060cc00000, 0x000000060c800000| Untracked 
|   3|0x000000060cc00000, 0x000000060d000000, 0x000000060d000000|100%| O|  |TAMS 0x000000060d000000, 0x000000060cc00000| Untracked 
|   4|0x000000060d000000, 0x000000060d400000, 0x000000060d400000|100%| O|  |TAMS 0x000000060d400000, 0x000000060d000000| Untracked 
|   5|0x000000060d400000, 0x000000060d800000, 0x000000060d800000|100%| O|  |TAMS 0x000000060d800000, 0x000000060d400000| Untracked 
|   6|0x000000060d800000, 0x000000060dc00000, 0x000000060dc00000|100%| O|  |TAMS 0x000000060dc00000, 0x000000060d800000| Untracked 
|   7|0x000000060dc00000, 0x000000060e000000, 0x000000060e000000|100%| O|  |TAMS 0x000000060e000000, 0x000000060dc00000| Untracked 
|   8|0x000000060e000000, 0x000000060e000000, 0x000000060e400000|  0%| F|  |TAMS 0x000000060e000000, 0x000000060e000000| Untracked 
|   9|0x000000060e400000, 0x000000060e800000, 0x000000060e800000|100%| O|  |TAMS 0x000000060e800000, 0x000000060e400000| Untracked 
|  10|0x000000060e800000, 0x000000060ec00000, 0x000000060ec00000|100%|HS|  |TAMS 0x000000060ec00000, 0x000000060e800000| Complete 
|  11|0x000000060ec00000, 0x000000060f000000, 0x000000060f000000|100%| O|  |TAMS 0x000000060f000000, 0x000000060ec00000| Untracked 
|  12|0x000000060f000000, 0x000000060f400000, 0x000000060f400000|100%| O|  |TAMS 0x000000060f400000, 0x000000060f000000| Untracked 
|  13|0x000000060f400000, 0x000000060f800000, 0x000000060f800000|100%| O|  |TAMS 0x000000060f800000, 0x000000060f400000| Untracked 
|  14|0x000000060f800000, 0x000000060fc00000, 0x000000060fc00000|100%|HS|  |TAMS 0x000000060fc00000, 0x000000060f800000| Complete 
|  15|0x000000060fc00000, 0x0000000610000000, 0x0000000610000000|100%| O|  |TAMS 0x0000000610000000, 0x000000060fc00000| Untracked 
|  16|0x0000000610000000, 0x0000000610400000, 0x0000000610400000|100%| O|  |TAMS 0x0000000610400000, 0x0000000610000000| Untracked 
|  17|0x0000000610400000, 0x0000000610800000, 0x0000000610800000|100%| O|  |TAMS 0x0000000610800000, 0x0000000610400000| Untracked 
|  18|0x0000000610800000, 0x0000000610c00000, 0x0000000610c00000|100%| O|  |TAMS 0x0000000610c00000, 0x0000000610800000| Untracked 
|  19|0x0000000610c00000, 0x0000000611000000, 0x0000000611000000|100%| O|  |TAMS 0x0000000611000000, 0x0000000610c00000| Untracked 
|  20|0x0000000611000000, 0x0000000611400000, 0x0000000611400000|100%| O|  |TAMS 0x0000000611400000, 0x0000000611000000| Untracked 
|  21|0x0000000611400000, 0x0000000611800000, 0x0000000611800000|100%| O|  |TAMS 0x0000000611800000, 0x0000000611400000| Untracked 
|  22|0x0000000611800000, 0x0000000611c00000, 0x0000000611c00000|100%| O|  |TAMS 0x0000000611c00000, 0x0000000611800000| Untracked 
|  23|0x0000000611c00000, 0x0000000612000000, 0x0000000612000000|100%| O|  |TAMS 0x0000000612000000, 0x0000000611c00000| Untracked 
|  24|0x0000000612000000, 0x0000000612400000, 0x0000000612400000|100%| O|  |TAMS 0x0000000612400000, 0x0000000612000000| Untracked 
|  25|0x0000000612400000, 0x0000000612800000, 0x0000000612800000|100%| O|  |TAMS 0x0000000612800000, 0x0000000612400000| Untracked 
|  26|0x0000000612800000, 0x0000000612c00000, 0x0000000612c00000|100%| O|  |TAMS 0x0000000612c00000, 0x0000000612800000| Untracked 
|  27|0x0000000612c00000, 0x0000000613000000, 0x0000000613000000|100%| O|  |TAMS 0x0000000613000000, 0x0000000612c00000| Untracked 
|  28|0x0000000613000000, 0x0000000613400000, 0x0000000613400000|100%| O|  |TAMS 0x0000000613400000, 0x0000000613000000| Untracked 
|  29|0x0000000613400000, 0x0000000613800000, 0x0000000613800000|100%| O|  |TAMS 0x0000000613800000, 0x0000000613400000| Untracked 
|  30|0x0000000613800000, 0x0000000613c00000, 0x0000000613c00000|100%|HS|  |TAMS 0x0000000613c00000, 0x0000000613800000| Complete 
|  31|0x0000000613c00000, 0x0000000614000000, 0x0000000614000000|100%| O|  |TAMS 0x0000000614000000, 0x0000000613c00000| Untracked 
|  32|0x0000000614000000, 0x0000000614400000, 0x0000000614400000|100%| O|  |TAMS 0x0000000614400000, 0x0000000614000000| Untracked 
|  33|0x0000000614400000, 0x0000000614800000, 0x0000000614800000|100%| O|  |TAMS 0x0000000614800000, 0x0000000614400000| Untracked 
|  34|0x0000000614800000, 0x0000000614c00000, 0x0000000614c00000|100%| O|  |TAMS 0x0000000614c00000, 0x0000000614800000| Untracked 
|  35|0x0000000614c00000, 0x0000000615000000, 0x0000000615000000|100%| O|  |TAMS 0x0000000615000000, 0x0000000614c00000| Untracked 
|  36|0x0000000615000000, 0x0000000615400000, 0x0000000615400000|100%| O|  |TAMS 0x0000000615400000, 0x0000000615000000| Untracked 
|  37|0x0000000615400000, 0x0000000615800000, 0x0000000615800000|100%| O|  |TAMS 0x0000000615800000, 0x0000000615400000| Untracked 
|  38|0x0000000615800000, 0x0000000615c00000, 0x0000000615c00000|100%| O|  |TAMS 0x0000000615c00000, 0x0000000615800000| Untracked 
|  39|0x0000000615c00000, 0x0000000616000000, 0x0000000616000000|100%| O|  |TAMS 0x0000000616000000, 0x0000000615c00000| Untracked 
|  40|0x0000000616000000, 0x0000000616400000, 0x0000000616400000|100%| O|  |TAMS 0x0000000616400000, 0x0000000616000000| Untracked 
|  41|0x0000000616400000, 0x0000000616800000, 0x0000000616800000|100%| O|  |TAMS 0x0000000616800000, 0x0000000616400000| Untracked 
|  42|0x0000000616800000, 0x0000000616800000, 0x0000000616c00000|  0%| F|  |TAMS 0x0000000616800000, 0x0000000616800000| Untracked 
|  43|0x0000000616c00000, 0x0000000617000000, 0x0000000617000000|100%| O|  |TAMS 0x0000000617000000, 0x0000000616c00000| Untracked 
|  44|0x0000000617000000, 0x0000000617400000, 0x0000000617400000|100%| O|  |TAMS 0x0000000617400000, 0x0000000617000000| Untracked 
|  45|0x0000000617400000, 0x0000000617400000, 0x0000000617800000|  0%| F|  |TAMS 0x0000000617400000, 0x0000000617400000| Untracked 
|  46|0x0000000617800000, 0x0000000617c00000, 0x0000000617c00000|100%| O|  |TAMS 0x0000000617c00000, 0x0000000617800000| Untracked 
|  47|0x0000000617c00000, 0x0000000618000000, 0x0000000618000000|100%| O|  |TAMS 0x0000000618000000, 0x0000000617c00000| Untracked 
|  48|0x0000000618000000, 0x0000000618000000, 0x0000000618400000|  0%| F|  |TAMS 0x0000000618000000, 0x0000000618000000| Untracked 
|  49|0x0000000618400000, 0x0000000618800000, 0x0000000618800000|100%| O|  |TAMS 0x0000000618800000, 0x0000000618400000| Untracked 
|  50|0x0000000618800000, 0x0000000618c00000, 0x0000000618c00000|100%| O|  |TAMS 0x0000000618c00000, 0x0000000618800000| Untracked 
|  51|0x0000000618c00000, 0x0000000619000000, 0x0000000619000000|100%| O|  |TAMS 0x0000000619000000, 0x0000000618c00000| Untracked 
|  52|0x0000000619000000, 0x0000000619400000, 0x0000000619400000|100%| O|  |TAMS 0x0000000619400000, 0x0000000619000000| Untracked 
|  53|0x0000000619400000, 0x0000000619800000, 0x0000000619800000|100%| O|  |TAMS 0x0000000619800000, 0x0000000619400000| Untracked 
|  54|0x0000000619800000, 0x0000000619c00000, 0x0000000619c00000|100%| O|  |TAMS 0x0000000619c00000, 0x0000000619800000| Untracked 
|  55|0x0000000619c00000, 0x000000061a000000, 0x000000061a000000|100%| O|  |TAMS 0x000000061a000000, 0x0000000619c00000| Untracked 
|  56|0x000000061a000000, 0x000000061a400000, 0x000000061a400000|100%| O|  |TAMS 0x000000061a400000, 0x000000061a000000| Untracked 
|  57|0x000000061a400000, 0x000000061a800000, 0x000000061a800000|100%| O|  |TAMS 0x000000061a800000, 0x000000061a400000| Untracked 
|  58|0x000000061a800000, 0x000000061ac00000, 0x000000061ac00000|100%| O|  |TAMS 0x000000061ac00000, 0x000000061a800000| Untracked 
|  59|0x000000061ac00000, 0x000000061b000000, 0x000000061b000000|100%| O|  |TAMS 0x000000061b000000, 0x000000061ac00000| Untracked 
|  60|0x000000061b000000, 0x000000061b400000, 0x000000061b400000|100%| O|  |TAMS 0x000000061b400000, 0x000000061b000000| Untracked 
|  61|0x000000061b400000, 0x000000061b800000, 0x000000061b800000|100%| O|  |TAMS 0x000000061b800000, 0x000000061b400000| Untracked 
|  62|0x000000061b800000, 0x000000061bc00000, 0x000000061bc00000|100%| O|  |TAMS 0x000000061bc00000, 0x000000061b800000| Untracked 
|  63|0x000000061bc00000, 0x000000061c000000, 0x000000061c000000|100%| O|  |TAMS 0x000000061c000000, 0x000000061bc00000| Untracked 
|  64|0x000000061c000000, 0x000000061c400000, 0x000000061c400000|100%| O|  |TAMS 0x000000061c400000, 0x000000061c000000| Untracked 
|  65|0x000000061c400000, 0x000000061c800000, 0x000000061c800000|100%| O|  |TAMS 0x000000061c800000, 0x000000061c400000| Complete 
|  66|0x000000061c800000, 0x000000061cc00000, 0x000000061cc00000|100%| O|  |TAMS 0x000000061cc00000, 0x000000061c800000| Untracked 
|  67|0x000000061cc00000, 0x000000061cfffff8, 0x000000061d000000| 99%| O|  |TAMS 0x000000061cfffff8, 0x000000061cc00000| Untracked 
|  68|0x000000061d000000, 0x000000061d400000, 0x000000061d400000|100%| O|  |TAMS 0x000000061d400000, 0x000000061d000000| Complete 
|  69|0x000000061d400000, 0x000000061d800000, 0x000000061d800000|100%| O|  |TAMS 0x000000061d800000, 0x000000061d400000| Untracked 
|  70|0x000000061d800000, 0x000000061dc00000, 0x000000061dc00000|100%| O|  |TAMS 0x000000061dc00000, 0x000000061d800000| Untracked 
|  71|0x000000061dc00000, 0x000000061e000000, 0x000000061e000000|100%| O|  |TAMS 0x000000061e000000, 0x000000061dc00000| Untracked 
|  72|0x000000061e000000, 0x000000061e400000, 0x000000061e400000|100%| O|  |TAMS 0x000000061e400000, 0x000000061e000000| Untracked 
|  73|0x000000061e400000, 0x000000061e800000, 0x000000061e800000|100%| O|  |TAMS 0x000000061e800000, 0x000000061e400000| Untracked 
|  74|0x000000061e800000, 0x000000061e800000, 0x000000061ec00000|  0%| F|  |TAMS 0x000000061e800000, 0x000000061e800000| Untracked 
|  75|0x000000061ec00000, 0x000000061ec00000, 0x000000061f000000|  0%| F|  |TAMS 0x000000061ec00000, 0x000000061ec00000| Untracked 
|  76|0x000000061f000000, 0x000000061f400000, 0x000000061f400000|100%| O|  |TAMS 0x000000061f400000, 0x000000061f000000| Complete 
|  77|0x000000061f400000, 0x000000061f800000, 0x000000061f800000|100%| O|  |TAMS 0x000000061f800000, 0x000000061f400000| Untracked 
|  78|0x000000061f800000, 0x000000061fc00000, 0x000000061fc00000|100%| O|  |TAMS 0x000000061fc00000, 0x000000061f800000| Untracked 
|  79|0x000000061fc00000, 0x0000000620000000, 0x0000000620000000|100%| O|  |TAMS 0x0000000620000000, 0x000000061fc00000| Untracked 
|  80|0x0000000620000000, 0x0000000620400000, 0x0000000620400000|100%| O|  |TAMS 0x0000000620400000, 0x0000000620000000| Complete 
|  81|0x0000000620400000, 0x0000000620800000, 0x0000000620800000|100%| O|  |TAMS 0x0000000620800000, 0x0000000620400000| Complete 
|  82|0x0000000620800000, 0x0000000620c00000, 0x0000000620c00000|100%| O|  |TAMS 0x0000000620c00000, 0x0000000620800000| Untracked 
|  83|0x0000000620c00000, 0x0000000621000000, 0x0000000621000000|100%| O|  |TAMS 0x0000000621000000, 0x0000000620c00000| Untracked 
|  84|0x0000000621000000, 0x0000000621400000, 0x0000000621400000|100%| O|  |TAMS 0x0000000621400000, 0x0000000621000000| Untracked 
|  85|0x0000000621400000, 0x0000000621800000, 0x0000000621800000|100%| O|  |TAMS 0x0000000621800000, 0x0000000621400000| Untracked 
|  86|0x0000000621800000, 0x0000000621c00000, 0x0000000621c00000|100%| O|  |TAMS 0x0000000621c00000, 0x0000000621800000| Untracked 
|  87|0x0000000621c00000, 0x0000000622000000, 0x0000000622000000|100%| O|  |TAMS 0x0000000622000000, 0x0000000621c00000| Untracked 
|  88|0x0000000622000000, 0x0000000622400000, 0x0000000622400000|100%| O|  |TAMS 0x0000000622400000, 0x0000000622000000| Untracked 
|  89|0x0000000622400000, 0x0000000622800000, 0x0000000622800000|100%| O|  |TAMS 0x0000000622800000, 0x0000000622400000| Untracked 
|  90|0x0000000622800000, 0x0000000622c00000, 0x0000000622c00000|100%| O|  |TAMS 0x0000000622c00000, 0x0000000622800000| Untracked 
|  91|0x0000000622c00000, 0x0000000623000000, 0x0000000623000000|100%| O|  |TAMS 0x0000000623000000, 0x0000000622c00000| Untracked 
|  92|0x0000000623000000, 0x0000000623400000, 0x0000000623400000|100%| O|  |TAMS 0x0000000623400000, 0x0000000623000000| Untracked 
|  93|0x0000000623400000, 0x0000000623800000, 0x0000000623800000|100%| O|  |TAMS 0x0000000623800000, 0x0000000623400000| Untracked 
|  94|0x0000000623800000, 0x0000000623c00000, 0x0000000623c00000|100%| O|  |TAMS 0x0000000623c00000, 0x0000000623800000| Untracked 
|  95|0x0000000623c00000, 0x0000000624000000, 0x0000000624000000|100%| O|  |TAMS 0x0000000624000000, 0x0000000623c00000| Untracked 
|  96|0x0000000624000000, 0x0000000624400000, 0x0000000624400000|100%| O|  |TAMS 0x0000000624400000, 0x0000000624000000| Untracked 
|  97|0x0000000624400000, 0x0000000624800000, 0x0000000624800000|100%| O|  |TAMS 0x0000000624800000, 0x0000000624400000| Untracked 
|  98|0x0000000624800000, 0x0000000624800000, 0x0000000624c00000|  0%| F|  |TAMS 0x0000000624800000, 0x0000000624800000| Untracked 
|  99|0x0000000624c00000, 0x0000000625000000, 0x0000000625000000|100%| O|  |TAMS 0x0000000625000000, 0x0000000624c00000| Untracked 
| 100|0x0000000625000000, 0x0000000625400000, 0x0000000625400000|100%| O|  |TAMS 0x0000000625400000, 0x0000000625000000| Untracked 
| 101|0x0000000625400000, 0x0000000625800000, 0x0000000625800000|100%| O|  |TAMS 0x0000000625800000, 0x0000000625400000| Untracked 
| 102|0x0000000625800000, 0x0000000625c00000, 0x0000000625c00000|100%| O|  |TAMS 0x0000000625c00000, 0x0000000625800000| Untracked 
| 103|0x0000000625c00000, 0x0000000626000000, 0x0000000626000000|100%| O|  |TAMS 0x0000000626000000, 0x0000000625c00000| Untracked 
| 104|0x0000000626000000, 0x0000000626400000, 0x0000000626400000|100%| O|  |TAMS 0x0000000626400000, 0x0000000626000000| Untracked 
| 105|0x0000000626400000, 0x0000000626800000, 0x0000000626800000|100%| O|  |TAMS 0x0000000626800000, 0x0000000626400000| Untracked 
| 106|0x0000000626800000, 0x0000000626c00000, 0x0000000626c00000|100%| O|  |TAMS 0x0000000626c00000, 0x0000000626800000| Untracked 
| 107|0x0000000626c00000, 0x0000000627000000, 0x0000000627000000|100%| O|  |TAMS 0x0000000627000000, 0x0000000626c00000| Untracked 
| 108|0x0000000627000000, 0x0000000627400000, 0x0000000627400000|100%| O|  |TAMS 0x0000000627400000, 0x0000000627000000| Untracked 
| 109|0x0000000627400000, 0x0000000627800000, 0x0000000627800000|100%| O|  |TAMS 0x0000000627800000, 0x0000000627400000| Untracked 
| 110|0x0000000627800000, 0x0000000627c00000, 0x0000000627c00000|100%| O|  |TAMS 0x0000000627c00000, 0x0000000627800000| Untracked 
| 111|0x0000000627c00000, 0x0000000628000000, 0x0000000628000000|100%| O|  |TAMS 0x0000000628000000, 0x0000000627c00000| Untracked 
| 112|0x0000000628000000, 0x0000000628400000, 0x0000000628400000|100%| O|  |TAMS 0x0000000628400000, 0x0000000628000000| Untracked 
| 113|0x0000000628400000, 0x0000000628800000, 0x0000000628800000|100%| O|  |TAMS 0x0000000628800000, 0x0000000628400000| Complete 
| 114|0x0000000628800000, 0x0000000628c00000, 0x0000000628c00000|100%| O|  |TAMS 0x0000000628c00000, 0x0000000628800000| Complete 
| 115|0x0000000628c00000, 0x0000000629000000, 0x0000000629000000|100%| O|  |TAMS 0x0000000629000000, 0x0000000628c00000| Untracked 
| 116|0x0000000629000000, 0x0000000629400000, 0x0000000629400000|100%| O|  |TAMS 0x0000000629400000, 0x0000000629000000| Untracked 
| 117|0x0000000629400000, 0x0000000629800000, 0x0000000629800000|100%| O|  |TAMS 0x0000000629800000, 0x0000000629400000| Untracked 
| 118|0x0000000629800000, 0x0000000629c00000, 0x0000000629c00000|100%| O|  |TAMS 0x0000000629c00000, 0x0000000629800000| Untracked 
| 119|0x0000000629c00000, 0x000000062a000000, 0x000000062a000000|100%| O|  |TAMS 0x000000062a000000, 0x0000000629c00000| Untracked 
| 120|0x000000062a000000, 0x000000062a400000, 0x000000062a400000|100%| O|  |TAMS 0x000000062a400000, 0x000000062a000000| Untracked 
| 121|0x000000062a400000, 0x000000062a800000, 0x000000062a800000|100%| O|  |TAMS 0x000000062a800000, 0x000000062a400000| Untracked 
| 122|0x000000062a800000, 0x000000062ac00000, 0x000000062ac00000|100%| O|  |TAMS 0x000000062ac00000, 0x000000062a800000| Untracked 
| 123|0x000000062ac00000, 0x000000062b000000, 0x000000062b000000|100%| O|  |TAMS 0x000000062b000000, 0x000000062ac00000| Complete 
| 124|0x000000062b000000, 0x000000062b400000, 0x000000062b400000|100%| O|  |TAMS 0x000000062b400000, 0x000000062b000000| Untracked 
| 125|0x000000062b400000, 0x000000062b800000, 0x000000062b800000|100%| O|  |TAMS 0x000000062b800000, 0x000000062b400000| Complete 
| 126|0x000000062b800000, 0x000000062bc00000, 0x000000062bc00000|100%| O|  |TAMS 0x000000062bc00000, 0x000000062b800000| Complete 
| 127|0x000000062bc00000, 0x000000062c000000, 0x000000062c000000|100%| O|  |TAMS 0x000000062c000000, 0x000000062bc00000| Untracked 
| 128|0x000000062c000000, 0x000000062c400000, 0x000000062c400000|100%| O|  |TAMS 0x000000062c400000, 0x000000062c000000| Untracked 
| 129|0x000000062c400000, 0x000000062c400000, 0x000000062c800000|  0%| F|  |TAMS 0x000000062c400000, 0x000000062c400000| Untracked 
| 130|0x000000062c800000, 0x000000062cc00000, 0x000000062cc00000|100%| O|  |TAMS 0x000000062cc00000, 0x000000062c800000| Complete 
| 131|0x000000062cc00000, 0x000000062d000000, 0x000000062d000000|100%| O|  |TAMS 0x000000062d000000, 0x000000062cc00000| Untracked 
| 132|0x000000062d000000, 0x000000062d400000, 0x000000062d400000|100%| O|  |TAMS 0x000000062d400000, 0x000000062d000000| Untracked 
| 133|0x000000062d400000, 0x000000062d800000, 0x000000062d800000|100%| O|  |TAMS 0x000000062d800000, 0x000000062d400000| Complete 
| 134|0x000000062d800000, 0x000000062dc00000, 0x000000062dc00000|100%| O|  |TAMS 0x000000062dc00000, 0x000000062d800000| Untracked 
| 135|0x000000062dc00000, 0x000000062e000000, 0x000000062e000000|100%| O|  |TAMS 0x000000062e000000, 0x000000062dc00000| Untracked 
| 136|0x000000062e000000, 0x000000062e400000, 0x000000062e400000|100%| O|  |TAMS 0x000000062e400000, 0x000000062e000000| Untracked 
| 137|0x000000062e400000, 0x000000062e800000, 0x000000062e800000|100%| O|  |TAMS 0x000000062e800000, 0x000000062e400000| Untracked 
| 138|0x000000062e800000, 0x000000062ec00000, 0x000000062ec00000|100%| O|  |TAMS 0x000000062ec00000, 0x000000062e800000| Untracked 
| 139|0x000000062ec00000, 0x000000062f000000, 0x000000062f000000|100%| O|  |TAMS 0x000000062f000000, 0x000000062ec00000| Untracked 
| 140|0x000000062f000000, 0x000000062f400000, 0x000000062f400000|100%| O|  |TAMS 0x000000062f400000, 0x000000062f000000| Untracked 
| 141|0x000000062f400000, 0x000000062f400000, 0x000000062f800000|  0%| F|  |TAMS 0x000000062f400000, 0x000000062f400000| Untracked 
| 142|0x000000062f800000, 0x000000062fc00000, 0x000000062fc00000|100%| O|  |TAMS 0x000000062fc00000, 0x000000062f800000| Untracked 
| 143|0x000000062fc00000, 0x0000000630000000, 0x0000000630000000|100%| O|  |TAMS 0x0000000630000000, 0x000000062fc00000| Untracked 
| 144|0x0000000630000000, 0x0000000630400000, 0x0000000630400000|100%| O|  |TAMS 0x0000000630400000, 0x0000000630000000| Untracked 
| 145|0x0000000630400000, 0x0000000630800000, 0x0000000630800000|100%| O|  |TAMS 0x0000000630800000, 0x0000000630400000| Untracked 
| 146|0x0000000630800000, 0x0000000630800000, 0x0000000630c00000|  0%| F|  |TAMS 0x0000000630800000, 0x0000000630800000| Untracked 
| 147|0x0000000630c00000, 0x0000000631000000, 0x0000000631000000|100%| O|  |TAMS 0x0000000631000000, 0x0000000630c00000| Untracked 
| 148|0x0000000631000000, 0x0000000631400000, 0x0000000631400000|100%| O|  |TAMS 0x0000000631400000, 0x0000000631000000| Untracked 
| 149|0x0000000631400000, 0x0000000631800000, 0x0000000631800000|100%| O|  |TAMS 0x0000000631800000, 0x0000000631400000| Untracked 
| 150|0x0000000631800000, 0x0000000631c00000, 0x0000000631c00000|100%| O|  |TAMS 0x0000000631c00000, 0x0000000631800000| Untracked 
| 151|0x0000000631c00000, 0x0000000632000000, 0x0000000632000000|100%| O|  |TAMS 0x0000000632000000, 0x0000000631c00000| Untracked 
| 152|0x0000000632000000, 0x0000000632400000, 0x0000000632400000|100%| O|  |TAMS 0x0000000632400000, 0x0000000632000000| Untracked 
| 153|0x0000000632400000, 0x0000000632800000, 0x0000000632800000|100%| O|  |TAMS 0x0000000632800000, 0x0000000632400000| Untracked 
| 154|0x0000000632800000, 0x0000000632c00000, 0x0000000632c00000|100%| O|  |TAMS 0x0000000632c00000, 0x0000000632800000| Untracked 
| 155|0x0000000632c00000, 0x0000000633000000, 0x0000000633000000|100%| O|  |TAMS 0x0000000633000000, 0x0000000632c00000| Untracked 
| 156|0x0000000633000000, 0x0000000633400000, 0x0000000633400000|100%| O|  |TAMS 0x0000000633400000, 0x0000000633000000| Untracked 
| 157|0x0000000633400000, 0x0000000633800000, 0x0000000633800000|100%| O|  |TAMS 0x0000000633800000, 0x0000000633400000| Untracked 
| 158|0x0000000633800000, 0x0000000633c00000, 0x0000000633c00000|100%| O|  |TAMS 0x0000000633c00000, 0x0000000633800000| Untracked 
| 159|0x0000000633c00000, 0x0000000634000000, 0x0000000634000000|100%| O|  |TAMS 0x0000000634000000, 0x0000000633c00000| Untracked 
| 160|0x0000000634000000, 0x0000000634400000, 0x0000000634400000|100%| O|  |TAMS 0x0000000634400000, 0x0000000634000000| Untracked 
| 161|0x0000000634400000, 0x0000000634800000, 0x0000000634800000|100%| O|  |TAMS 0x0000000634800000, 0x0000000634400000| Untracked 
| 162|0x0000000634800000, 0x0000000634c00000, 0x0000000634c00000|100%| O|  |TAMS 0x0000000634c00000, 0x0000000634800000| Untracked 
| 163|0x0000000634c00000, 0x0000000635000000, 0x0000000635000000|100%| O|  |TAMS 0x0000000635000000, 0x0000000634c00000| Untracked 
| 164|0x0000000635000000, 0x0000000635400000, 0x0000000635400000|100%| O|  |TAMS 0x0000000635400000, 0x0000000635000000| Untracked 
| 165|0x0000000635400000, 0x0000000635800000, 0x0000000635800000|100%| O|  |TAMS 0x0000000635800000, 0x0000000635400000| Untracked 
| 166|0x0000000635800000, 0x0000000635c00000, 0x0000000635c00000|100%| O|  |TAMS 0x0000000635c00000, 0x0000000635800000| Untracked 
| 167|0x0000000635c00000, 0x0000000636000000, 0x0000000636000000|100%| O|  |TAMS 0x0000000636000000, 0x0000000635c00000| Untracked 
| 168|0x0000000636000000, 0x0000000636400000, 0x0000000636400000|100%| O|  |TAMS 0x0000000636400000, 0x0000000636000000| Untracked 
| 169|0x0000000636400000, 0x0000000636800000, 0x0000000636800000|100%| O|  |TAMS 0x0000000636800000, 0x0000000636400000| Untracked 
| 170|0x0000000636800000, 0x0000000636c00000, 0x0000000636c00000|100%| O|  |TAMS 0x0000000636c00000, 0x0000000636800000| Untracked 
| 171|0x0000000636c00000, 0x0000000637000000, 0x0000000637000000|100%| O|  |TAMS 0x0000000637000000, 0x0000000636c00000| Untracked 
| 172|0x0000000637000000, 0x0000000637400000, 0x0000000637400000|100%| O|  |TAMS 0x0000000637400000, 0x0000000637000000| Untracked 
| 173|0x0000000637400000, 0x0000000637800000, 0x0000000637800000|100%| O|  |TAMS 0x0000000637800000, 0x0000000637400000| Untracked 
| 174|0x0000000637800000, 0x0000000637c00000, 0x0000000637c00000|100%| O|  |TAMS 0x0000000637c00000, 0x0000000637800000| Untracked 
| 175|0x0000000637c00000, 0x0000000638000000, 0x0000000638000000|100%| O|  |TAMS 0x0000000638000000, 0x0000000637c00000| Untracked 
| 176|0x0000000638000000, 0x0000000638400000, 0x0000000638400000|100%| O|  |TAMS 0x0000000638400000, 0x0000000638000000| Untracked 
| 177|0x0000000638400000, 0x0000000638800000, 0x0000000638800000|100%| O|  |TAMS 0x0000000638800000, 0x0000000638400000| Untracked 
| 178|0x0000000638800000, 0x0000000638c00000, 0x0000000638c00000|100%| O|  |TAMS 0x0000000638c00000, 0x0000000638800000| Untracked 
| 179|0x0000000638c00000, 0x0000000639000000, 0x0000000639000000|100%| O|  |TAMS 0x0000000639000000, 0x0000000638c00000| Untracked 
| 180|0x0000000639000000, 0x0000000639400000, 0x0000000639400000|100%| O|  |TAMS 0x0000000639400000, 0x0000000639000000| Untracked 
| 181|0x0000000639400000, 0x0000000639800000, 0x0000000639800000|100%| O|  |TAMS 0x0000000639800000, 0x0000000639400000| Untracked 
| 182|0x0000000639800000, 0x0000000639c00000, 0x0000000639c00000|100%| O|  |TAMS 0x0000000639c00000, 0x0000000639800000| Untracked 
| 183|0x0000000639c00000, 0x000000063a000000, 0x000000063a000000|100%| O|  |TAMS 0x000000063a000000, 0x0000000639c00000| Untracked 
| 184|0x000000063a000000, 0x000000063a400000, 0x000000063a400000|100%| O|  |TAMS 0x000000063a400000, 0x000000063a000000| Untracked 
| 185|0x000000063a400000, 0x000000063a800000, 0x000000063a800000|100%| O|  |TAMS 0x000000063a800000, 0x000000063a400000| Untracked 
| 186|0x000000063a800000, 0x000000063ac00000, 0x000000063ac00000|100%| O|  |TAMS 0x000000063ac00000, 0x000000063a800000| Untracked 
| 187|0x000000063ac00000, 0x000000063b000000, 0x000000063b000000|100%| O|  |TAMS 0x000000063b000000, 0x000000063ac00000| Untracked 
| 188|0x000000063b000000, 0x000000063b400000, 0x000000063b400000|100%| O|  |TAMS 0x000000063b400000, 0x000000063b000000| Untracked 
| 189|0x000000063b400000, 0x000000063b800000, 0x000000063b800000|100%| O|  |TAMS 0x000000063b800000, 0x000000063b400000| Untracked 
| 190|0x000000063b800000, 0x000000063bc00000, 0x000000063bc00000|100%| O|  |TAMS 0x000000063bc00000, 0x000000063b800000| Untracked 
| 191|0x000000063bc00000, 0x000000063c000000, 0x000000063c000000|100%| O|  |TAMS 0x000000063c000000, 0x000000063bc00000| Untracked 
| 192|0x000000063c000000, 0x000000063c400000, 0x000000063c400000|100%| O|  |TAMS 0x000000063c400000, 0x000000063c000000| Untracked 
| 193|0x000000063c400000, 0x000000063c800000, 0x000000063c800000|100%| O|  |TAMS 0x000000063c800000, 0x000000063c400000| Untracked 
| 194|0x000000063c800000, 0x000000063cc00000, 0x000000063cc00000|100%| O|  |TAMS 0x000000063cc00000, 0x000000063c800000| Untracked 
| 195|0x000000063cc00000, 0x000000063d000000, 0x000000063d000000|100%| O|  |TAMS 0x000000063d000000, 0x000000063cc00000| Untracked 
| 196|0x000000063d000000, 0x000000063d400000, 0x000000063d400000|100%| O|  |TAMS 0x000000063d400000, 0x000000063d000000| Untracked 
| 197|0x000000063d400000, 0x000000063d800000, 0x000000063d800000|100%| O|  |TAMS 0x000000063d800000, 0x000000063d400000| Untracked 
| 198|0x000000063d800000, 0x000000063dc00000, 0x000000063dc00000|100%| O|  |TAMS 0x000000063dc00000, 0x000000063d800000| Untracked 
| 199|0x000000063dc00000, 0x000000063e000000, 0x000000063e000000|100%| O|  |TAMS 0x000000063e000000, 0x000000063dc00000| Untracked 
| 200|0x000000063e000000, 0x000000063e400000, 0x000000063e400000|100%| O|  |TAMS 0x000000063e400000, 0x000000063e000000| Untracked 
| 201|0x000000063e400000, 0x000000063e800000, 0x000000063e800000|100%| O|  |TAMS 0x000000063e800000, 0x000000063e400000| Untracked 
| 202|0x000000063e800000, 0x000000063ec00000, 0x000000063ec00000|100%| O|  |TAMS 0x000000063ec00000, 0x000000063e800000| Untracked 
| 203|0x000000063ec00000, 0x000000063f000000, 0x000000063f000000|100%| O|  |TAMS 0x000000063f000000, 0x000000063ec00000| Untracked 
| 204|0x000000063f000000, 0x000000063f400000, 0x000000063f400000|100%| O|  |TAMS 0x000000063f400000, 0x000000063f000000| Untracked 
| 205|0x000000063f400000, 0x000000063f800000, 0x000000063f800000|100%| O|  |TAMS 0x000000063f800000, 0x000000063f400000| Untracked 
| 206|0x000000063f800000, 0x000000063fc00000, 0x000000063fc00000|100%| O|  |TAMS 0x000000063fc00000, 0x000000063f800000| Untracked 
| 207|0x000000063fc00000, 0x0000000640000000, 0x0000000640000000|100%| O|  |TAMS 0x0000000640000000, 0x000000063fc00000| Untracked 
| 208|0x0000000640000000, 0x0000000640400000, 0x0000000640400000|100%| O|  |TAMS 0x0000000640400000, 0x0000000640000000| Untracked 
| 209|0x0000000640400000, 0x0000000640800000, 0x0000000640800000|100%| O|  |TAMS 0x0000000640800000, 0x0000000640400000| Untracked 
| 210|0x0000000640800000, 0x0000000640c00000, 0x0000000640c00000|100%| O|  |TAMS 0x0000000640c00000, 0x0000000640800000| Untracked 
| 211|0x0000000640c00000, 0x0000000641000000, 0x0000000641000000|100%| O|  |TAMS 0x0000000641000000, 0x0000000640c00000| Untracked 
| 212|0x0000000641000000, 0x0000000641400000, 0x0000000641400000|100%| O|  |TAMS 0x0000000641400000, 0x0000000641000000| Untracked 
| 213|0x0000000641400000, 0x0000000641800000, 0x0000000641800000|100%| O|  |TAMS 0x0000000641800000, 0x0000000641400000| Untracked 
| 214|0x0000000641800000, 0x0000000641c00000, 0x0000000641c00000|100%| O|  |TAMS 0x0000000641c00000, 0x0000000641800000| Untracked 
| 215|0x0000000641c00000, 0x0000000642000000, 0x0000000642000000|100%| O|  |TAMS 0x0000000642000000, 0x0000000641c00000| Untracked 
| 216|0x0000000642000000, 0x0000000642400000, 0x0000000642400000|100%| O|  |TAMS 0x0000000642400000, 0x0000000642000000| Untracked 
| 217|0x0000000642400000, 0x0000000642800000, 0x0000000642800000|100%| O|  |TAMS 0x0000000642800000, 0x0000000642400000| Untracked 
| 218|0x0000000642800000, 0x0000000642c00000, 0x0000000642c00000|100%| O|  |TAMS 0x0000000642c00000, 0x0000000642800000| Untracked 
| 219|0x0000000642c00000, 0x0000000643000000, 0x0000000643000000|100%| O|  |TAMS 0x0000000643000000, 0x0000000642c00000| Untracked 
| 220|0x0000000643000000, 0x0000000643160400, 0x0000000643400000| 34%| O|  |TAMS 0x0000000643160400, 0x0000000643000000| Untracked 
| 221|0x0000000643400000, 0x0000000643400000, 0x0000000643800000|  0%| F|  |TAMS 0x0000000643400000, 0x0000000643400000| Untracked 
| 222|0x0000000643800000, 0x0000000643800000, 0x0000000643c00000|  0%| F|  |TAMS 0x0000000643800000, 0x0000000643800000| Untracked 
| 223|0x0000000643c00000, 0x0000000643c00000, 0x0000000644000000|  0%| F|  |TAMS 0x0000000643c00000, 0x0000000643c00000| Untracked 
| 224|0x0000000644000000, 0x0000000644000000, 0x0000000644400000|  0%| F|  |TAMS 0x0000000644000000, 0x0000000644000000| Untracked 
| 225|0x0000000644400000, 0x0000000644400000, 0x0000000644800000|  0%| F|  |TAMS 0x0000000644400000, 0x0000000644400000| Untracked 
| 226|0x0000000644800000, 0x0000000644800000, 0x0000000644c00000|  0%| F|  |TAMS 0x0000000644800000, 0x0000000644800000| Untracked 
| 227|0x0000000644c00000, 0x0000000644c00000, 0x0000000645000000|  0%| F|  |TAMS 0x0000000644c00000, 0x0000000644c00000| Untracked 
| 228|0x0000000645000000, 0x0000000645000000, 0x0000000645400000|  0%| F|  |TAMS 0x0000000645000000, 0x0000000645000000| Untracked 
| 229|0x0000000645400000, 0x0000000645400000, 0x0000000645800000|  0%| F|  |TAMS 0x0000000645400000, 0x0000000645400000| Untracked 
| 230|0x0000000645800000, 0x0000000645800000, 0x0000000645c00000|  0%| F|  |TAMS 0x0000000645800000, 0x0000000645800000| Untracked 
| 231|0x0000000645c00000, 0x0000000645c00000, 0x0000000646000000|  0%| F|  |TAMS 0x0000000645c00000, 0x0000000645c00000| Untracked 
| 232|0x0000000646000000, 0x0000000646000000, 0x0000000646400000|  0%| F|  |TAMS 0x0000000646000000, 0x0000000646000000| Untracked 
| 233|0x0000000646400000, 0x0000000646400000, 0x0000000646800000|  0%| F|  |TAMS 0x0000000646400000, 0x0000000646400000| Untracked 
| 234|0x0000000646800000, 0x0000000646800000, 0x0000000646c00000|  0%| F|  |TAMS 0x0000000646800000, 0x0000000646800000| Untracked 
| 235|0x0000000646c00000, 0x0000000646c00000, 0x0000000647000000|  0%| F|  |TAMS 0x0000000646c00000, 0x0000000646c00000| Untracked 
| 236|0x0000000647000000, 0x0000000647000000, 0x0000000647400000|  0%| F|  |TAMS 0x0000000647000000, 0x0000000647000000| Untracked 
| 237|0x0000000647400000, 0x0000000647400000, 0x0000000647800000|  0%| F|  |TAMS 0x0000000647400000, 0x0000000647400000| Untracked 
| 238|0x0000000647800000, 0x0000000647800000, 0x0000000647c00000|  0%| F|  |TAMS 0x0000000647800000, 0x0000000647800000| Untracked 
| 239|0x0000000647c00000, 0x0000000647c00000, 0x0000000648000000|  0%| F|  |TAMS 0x0000000647c00000, 0x0000000647c00000| Untracked 
| 240|0x0000000648000000, 0x0000000648000000, 0x0000000648400000|  0%| F|  |TAMS 0x0000000648000000, 0x0000000648000000| Untracked 
| 241|0x0000000648400000, 0x0000000648400000, 0x0000000648800000|  0%| F|  |TAMS 0x0000000648400000, 0x0000000648400000| Untracked 
| 242|0x0000000648800000, 0x0000000648800000, 0x0000000648c00000|  0%| F|  |TAMS 0x0000000648800000, 0x0000000648800000| Untracked 
| 243|0x0000000648c00000, 0x0000000648c00000, 0x0000000649000000|  0%| F|  |TAMS 0x0000000648c00000, 0x0000000648c00000| Untracked 
| 244|0x0000000649000000, 0x0000000649000000, 0x0000000649400000|  0%| F|  |TAMS 0x0000000649000000, 0x0000000649000000| Untracked 
| 245|0x0000000649400000, 0x0000000649400000, 0x0000000649800000|  0%| F|  |TAMS 0x0000000649400000, 0x0000000649400000| Untracked 
| 246|0x0000000649800000, 0x0000000649800000, 0x0000000649c00000|  0%| F|  |TAMS 0x0000000649800000, 0x0000000649800000| Untracked 
| 247|0x0000000649c00000, 0x0000000649c00000, 0x000000064a000000|  0%| F|  |TAMS 0x0000000649c00000, 0x0000000649c00000| Untracked 
| 248|0x000000064a000000, 0x000000064a000000, 0x000000064a400000|  0%| F|  |TAMS 0x000000064a000000, 0x000000064a000000| Untracked 
| 249|0x000000064a400000, 0x000000064a400000, 0x000000064a800000|  0%| F|  |TAMS 0x000000064a400000, 0x000000064a400000| Untracked 
| 250|0x000000064a800000, 0x000000064a800000, 0x000000064ac00000|  0%| F|  |TAMS 0x000000064a800000, 0x000000064a800000| Untracked 
| 251|0x000000064ac00000, 0x000000064ac00000, 0x000000064b000000|  0%| F|  |TAMS 0x000000064ac00000, 0x000000064ac00000| Untracked 
| 252|0x000000064b000000, 0x000000064b000000, 0x000000064b400000|  0%| F|  |TAMS 0x000000064b000000, 0x000000064b000000| Untracked 
| 253|0x000000064b400000, 0x000000064b400000, 0x000000064b800000|  0%| F|  |TAMS 0x000000064b400000, 0x000000064b400000| Untracked 
| 254|0x000000064b800000, 0x000000064b800000, 0x000000064bc00000|  0%| F|  |TAMS 0x000000064b800000, 0x000000064b800000| Untracked 
| 255|0x000000064bc00000, 0x000000064bc00000, 0x000000064c000000|  0%| F|  |TAMS 0x000000064bc00000, 0x000000064bc00000| Untracked 
| 256|0x000000064c000000, 0x000000064c000000, 0x000000064c400000|  0%| F|  |TAMS 0x000000064c000000, 0x000000064c000000| Untracked 
| 257|0x000000064c400000, 0x000000064c400000, 0x000000064c800000|  0%| F|  |TAMS 0x000000064c400000, 0x000000064c400000| Untracked 
| 258|0x000000064c800000, 0x000000064c800000, 0x000000064cc00000|  0%| F|  |TAMS 0x000000064c800000, 0x000000064c800000| Untracked 
| 259|0x000000064cc00000, 0x000000064cc00000, 0x000000064d000000|  0%| F|  |TAMS 0x000000064cc00000, 0x000000064cc00000| Untracked 
| 260|0x000000064d000000, 0x000000064d000000, 0x000000064d400000|  0%| F|  |TAMS 0x000000064d000000, 0x000000064d000000| Untracked 
| 261|0x000000064d400000, 0x000000064d400000, 0x000000064d800000|  0%| F|  |TAMS 0x000000064d400000, 0x000000064d400000| Untracked 
| 262|0x000000064d800000, 0x000000064d800000, 0x000000064dc00000|  0%| F|  |TAMS 0x000000064d800000, 0x000000064d800000| Untracked 
| 263|0x000000064dc00000, 0x000000064dc00000, 0x000000064e000000|  0%| F|  |TAMS 0x000000064dc00000, 0x000000064dc00000| Untracked 
| 264|0x000000064e000000, 0x000000064e000000, 0x000000064e400000|  0%| F|  |TAMS 0x000000064e000000, 0x000000064e000000| Untracked 
| 265|0x000000064e400000, 0x000000064e400000, 0x000000064e800000|  0%| F|  |TAMS 0x000000064e400000, 0x000000064e400000| Untracked 
| 266|0x000000064e800000, 0x000000064e800000, 0x000000064ec00000|  0%| F|  |TAMS 0x000000064e800000, 0x000000064e800000| Untracked 
| 267|0x000000064ec00000, 0x000000064ec00000, 0x000000064f000000|  0%| F|  |TAMS 0x000000064ec00000, 0x000000064ec00000| Untracked 
| 268|0x000000064f000000, 0x000000064f000000, 0x000000064f400000|  0%| F|  |TAMS 0x000000064f000000, 0x000000064f000000| Untracked 
| 269|0x000000064f400000, 0x000000064f400000, 0x000000064f800000|  0%| F|  |TAMS 0x000000064f400000, 0x000000064f400000| Untracked 
| 270|0x000000064f800000, 0x000000064f800000, 0x000000064fc00000|  0%| F|  |TAMS 0x000000064f800000, 0x000000064f800000| Untracked 
| 271|0x000000064fc00000, 0x000000064fc00000, 0x0000000650000000|  0%| F|  |TAMS 0x000000064fc00000, 0x000000064fc00000| Untracked 
| 272|0x0000000650000000, 0x0000000650000000, 0x0000000650400000|  0%| F|  |TAMS 0x0000000650000000, 0x0000000650000000| Untracked 
| 273|0x0000000650400000, 0x0000000650400000, 0x0000000650800000|  0%| F|  |TAMS 0x0000000650400000, 0x0000000650400000| Untracked 
| 274|0x0000000650800000, 0x0000000650800000, 0x0000000650c00000|  0%| F|  |TAMS 0x0000000650800000, 0x0000000650800000| Untracked 
| 275|0x0000000650c00000, 0x0000000650c00000, 0x0000000651000000|  0%| F|  |TAMS 0x0000000650c00000, 0x0000000650c00000| Untracked 
| 276|0x0000000651000000, 0x0000000651000000, 0x0000000651400000|  0%| F|  |TAMS 0x0000000651000000, 0x0000000651000000| Untracked 
| 277|0x0000000651400000, 0x0000000651400000, 0x0000000651800000|  0%| F|  |TAMS 0x0000000651400000, 0x0000000651400000| Untracked 
| 278|0x0000000651800000, 0x0000000651800000, 0x0000000651c00000|  0%| F|  |TAMS 0x0000000651800000, 0x0000000651800000| Untracked 
| 279|0x0000000651c00000, 0x0000000651c00000, 0x0000000652000000|  0%| F|  |TAMS 0x0000000651c00000, 0x0000000651c00000| Untracked 
| 280|0x0000000652000000, 0x0000000652000000, 0x0000000652400000|  0%| F|  |TAMS 0x0000000652000000, 0x0000000652000000| Untracked 
| 281|0x0000000652400000, 0x0000000652400000, 0x0000000652800000|  0%| F|  |TAMS 0x0000000652400000, 0x0000000652400000| Untracked 
| 282|0x0000000652800000, 0x0000000652800000, 0x0000000652c00000|  0%| F|  |TAMS 0x0000000652800000, 0x0000000652800000| Untracked 
| 283|0x0000000652c00000, 0x0000000652c00000, 0x0000000653000000|  0%| F|  |TAMS 0x0000000652c00000, 0x0000000652c00000| Untracked 
| 284|0x0000000653000000, 0x0000000653000000, 0x0000000653400000|  0%| F|  |TAMS 0x0000000653000000, 0x0000000653000000| Untracked 
| 285|0x0000000653400000, 0x0000000653400000, 0x0000000653800000|  0%| F|  |TAMS 0x0000000653400000, 0x0000000653400000| Untracked 
| 286|0x0000000653800000, 0x0000000653800000, 0x0000000653c00000|  0%| F|  |TAMS 0x0000000653800000, 0x0000000653800000| Untracked 
| 287|0x0000000653c00000, 0x0000000653c00000, 0x0000000654000000|  0%| F|  |TAMS 0x0000000653c00000, 0x0000000653c00000| Untracked 
| 288|0x0000000654000000, 0x0000000654000000, 0x0000000654400000|  0%| F|  |TAMS 0x0000000654000000, 0x0000000654000000| Untracked 
| 289|0x0000000654400000, 0x0000000654400000, 0x0000000654800000|  0%| F|  |TAMS 0x0000000654400000, 0x0000000654400000| Untracked 
| 290|0x0000000654800000, 0x0000000654800000, 0x0000000654c00000|  0%| F|  |TAMS 0x0000000654800000, 0x0000000654800000| Untracked 
| 291|0x0000000654c00000, 0x0000000654c00000, 0x0000000655000000|  0%| F|  |TAMS 0x0000000654c00000, 0x0000000654c00000| Untracked 
| 292|0x0000000655000000, 0x0000000655000000, 0x0000000655400000|  0%| F|  |TAMS 0x0000000655000000, 0x0000000655000000| Untracked 
| 293|0x0000000655400000, 0x0000000655400000, 0x0000000655800000|  0%| F|  |TAMS 0x0000000655400000, 0x0000000655400000| Untracked 
| 294|0x0000000655800000, 0x0000000655800000, 0x0000000655c00000|  0%| F|  |TAMS 0x0000000655800000, 0x0000000655800000| Untracked 
| 295|0x0000000655c00000, 0x0000000655c00000, 0x0000000656000000|  0%| F|  |TAMS 0x0000000655c00000, 0x0000000655c00000| Untracked 
| 296|0x0000000656000000, 0x0000000656000000, 0x0000000656400000|  0%| F|  |TAMS 0x0000000656000000, 0x0000000656000000| Untracked 
| 297|0x0000000656400000, 0x0000000656400000, 0x0000000656800000|  0%| F|  |TAMS 0x0000000656400000, 0x0000000656400000| Untracked 
| 298|0x0000000656800000, 0x0000000656800000, 0x0000000656c00000|  0%| F|  |TAMS 0x0000000656800000, 0x0000000656800000| Untracked 
| 299|0x0000000656c00000, 0x0000000656c00000, 0x0000000657000000|  0%| F|  |TAMS 0x0000000656c00000, 0x0000000656c00000| Untracked 
| 300|0x0000000657000000, 0x0000000657000000, 0x0000000657400000|  0%| F|  |TAMS 0x0000000657000000, 0x0000000657000000| Untracked 
| 301|0x0000000657400000, 0x0000000657400000, 0x0000000657800000|  0%| F|  |TAMS 0x0000000657400000, 0x0000000657400000| Untracked 
| 302|0x0000000657800000, 0x0000000657800000, 0x0000000657c00000|  0%| F|  |TAMS 0x0000000657800000, 0x0000000657800000| Untracked 
| 303|0x0000000657c00000, 0x0000000657c00000, 0x0000000658000000|  0%| F|  |TAMS 0x0000000657c00000, 0x0000000657c00000| Untracked 
| 304|0x0000000658000000, 0x0000000658000000, 0x0000000658400000|  0%| F|  |TAMS 0x0000000658000000, 0x0000000658000000| Untracked 
| 305|0x0000000658400000, 0x0000000658400000, 0x0000000658800000|  0%| F|  |TAMS 0x0000000658400000, 0x0000000658400000| Untracked 
| 306|0x0000000658800000, 0x0000000658800000, 0x0000000658c00000|  0%| F|  |TAMS 0x0000000658800000, 0x0000000658800000| Untracked 
| 307|0x0000000658c00000, 0x0000000658c00000, 0x0000000659000000|  0%| F|  |TAMS 0x0000000658c00000, 0x0000000658c00000| Untracked 
| 308|0x0000000659000000, 0x0000000659000000, 0x0000000659400000|  0%| F|  |TAMS 0x0000000659000000, 0x0000000659000000| Untracked 
| 309|0x0000000659400000, 0x0000000659400000, 0x0000000659800000|  0%| F|  |TAMS 0x0000000659400000, 0x0000000659400000| Untracked 
| 310|0x0000000659800000, 0x0000000659800000, 0x0000000659c00000|  0%| F|  |TAMS 0x0000000659800000, 0x0000000659800000| Untracked 
| 311|0x0000000659c00000, 0x0000000659c00000, 0x000000065a000000|  0%| F|  |TAMS 0x0000000659c00000, 0x0000000659c00000| Untracked 
| 312|0x000000065a000000, 0x000000065a000000, 0x000000065a400000|  0%| F|  |TAMS 0x000000065a000000, 0x000000065a000000| Untracked 
| 313|0x000000065a400000, 0x000000065a400000, 0x000000065a800000|  0%| F|  |TAMS 0x000000065a400000, 0x000000065a400000| Untracked 
| 314|0x000000065a800000, 0x000000065a800000, 0x000000065ac00000|  0%| F|  |TAMS 0x000000065a800000, 0x000000065a800000| Untracked 
| 315|0x000000065ac00000, 0x000000065ac00000, 0x000000065b000000|  0%| F|  |TAMS 0x000000065ac00000, 0x000000065ac00000| Untracked 
| 316|0x000000065b000000, 0x000000065b000000, 0x000000065b400000|  0%| F|  |TAMS 0x000000065b000000, 0x000000065b000000| Untracked 
| 317|0x000000065b400000, 0x000000065b400000, 0x000000065b800000|  0%| F|  |TAMS 0x000000065b400000, 0x000000065b400000| Untracked 
| 318|0x000000065b800000, 0x000000065b800000, 0x000000065bc00000|  0%| F|  |TAMS 0x000000065b800000, 0x000000065b800000| Untracked 
| 319|0x000000065bc00000, 0x000000065bc00000, 0x000000065c000000|  0%| F|  |TAMS 0x000000065bc00000, 0x000000065bc00000| Untracked 
| 320|0x000000065c000000, 0x000000065c000000, 0x000000065c400000|  0%| F|  |TAMS 0x000000065c000000, 0x000000065c000000| Untracked 
| 321|0x000000065c400000, 0x000000065c400000, 0x000000065c800000|  0%| F|  |TAMS 0x000000065c400000, 0x000000065c400000| Untracked 
| 322|0x000000065c800000, 0x000000065c800000, 0x000000065cc00000|  0%| F|  |TAMS 0x000000065c800000, 0x000000065c800000| Untracked 
| 323|0x000000065cc00000, 0x000000065cc00000, 0x000000065d000000|  0%| F|  |TAMS 0x000000065cc00000, 0x000000065cc00000| Untracked 
| 324|0x000000065d000000, 0x000000065d000000, 0x000000065d400000|  0%| F|  |TAMS 0x000000065d000000, 0x000000065d000000| Untracked 
| 325|0x000000065d400000, 0x000000065d400000, 0x000000065d800000|  0%| F|  |TAMS 0x000000065d400000, 0x000000065d400000| Untracked 
| 326|0x000000065d800000, 0x000000065d800000, 0x000000065dc00000|  0%| F|  |TAMS 0x000000065d800000, 0x000000065d800000| Untracked 
| 327|0x000000065dc00000, 0x000000065dc00000, 0x000000065e000000|  0%| F|  |TAMS 0x000000065dc00000, 0x000000065dc00000| Untracked 
| 328|0x000000065e000000, 0x000000065e000000, 0x000000065e400000|  0%| F|  |TAMS 0x000000065e000000, 0x000000065e000000| Untracked 
| 329|0x000000065e400000, 0x000000065e400000, 0x000000065e800000|  0%| F|  |TAMS 0x000000065e400000, 0x000000065e400000| Untracked 
| 330|0x000000065e800000, 0x000000065e800000, 0x000000065ec00000|  0%| F|  |TAMS 0x000000065e800000, 0x000000065e800000| Untracked 
| 331|0x000000065ec00000, 0x000000065ec00000, 0x000000065f000000|  0%| F|  |TAMS 0x000000065ec00000, 0x000000065ec00000| Untracked 
| 332|0x000000065f000000, 0x000000065f000000, 0x000000065f400000|  0%| F|  |TAMS 0x000000065f000000, 0x000000065f000000| Untracked 
| 333|0x000000065f400000, 0x000000065f400000, 0x000000065f800000|  0%| F|  |TAMS 0x000000065f400000, 0x000000065f400000| Untracked 
| 334|0x000000065f800000, 0x000000065f800000, 0x000000065fc00000|  0%| F|  |TAMS 0x000000065f800000, 0x000000065f800000| Untracked 
| 335|0x000000065fc00000, 0x000000065fc00000, 0x0000000660000000|  0%| F|  |TAMS 0x000000065fc00000, 0x000000065fc00000| Untracked 
| 336|0x0000000660000000, 0x0000000660000000, 0x0000000660400000|  0%| F|  |TAMS 0x0000000660000000, 0x0000000660000000| Untracked 
| 337|0x0000000660400000, 0x0000000660400000, 0x0000000660800000|  0%| F|  |TAMS 0x0000000660400000, 0x0000000660400000| Untracked 
| 338|0x0000000660800000, 0x0000000660800000, 0x0000000660c00000|  0%| F|  |TAMS 0x0000000660800000, 0x0000000660800000| Untracked 
| 339|0x0000000660c00000, 0x0000000660c00000, 0x0000000661000000|  0%| F|  |TAMS 0x0000000660c00000, 0x0000000660c00000| Untracked 
| 340|0x0000000661000000, 0x0000000661000000, 0x0000000661400000|  0%| F|  |TAMS 0x0000000661000000, 0x0000000661000000| Untracked 
| 341|0x0000000661400000, 0x0000000661400000, 0x0000000661800000|  0%| F|  |TAMS 0x0000000661400000, 0x0000000661400000| Untracked 
| 342|0x0000000661800000, 0x0000000661800000, 0x0000000661c00000|  0%| F|  |TAMS 0x0000000661800000, 0x0000000661800000| Untracked 
| 343|0x0000000661c00000, 0x0000000661c00000, 0x0000000662000000|  0%| F|  |TAMS 0x0000000661c00000, 0x0000000661c00000| Untracked 
| 344|0x0000000662000000, 0x0000000662000000, 0x0000000662400000|  0%| F|  |TAMS 0x0000000662000000, 0x0000000662000000| Untracked 
| 345|0x0000000662400000, 0x0000000662400000, 0x0000000662800000|  0%| F|  |TAMS 0x0000000662400000, 0x0000000662400000| Untracked 
| 346|0x0000000662800000, 0x0000000662800000, 0x0000000662c00000|  0%| F|  |TAMS 0x0000000662800000, 0x0000000662800000| Untracked 
| 347|0x0000000662c00000, 0x0000000662c00000, 0x0000000663000000|  0%| F|  |TAMS 0x0000000662c00000, 0x0000000662c00000| Untracked 
| 348|0x0000000663000000, 0x0000000663000000, 0x0000000663400000|  0%| F|  |TAMS 0x0000000663000000, 0x0000000663000000| Untracked 
| 349|0x0000000663400000, 0x0000000663400000, 0x0000000663800000|  0%| F|  |TAMS 0x0000000663400000, 0x0000000663400000| Untracked 
| 350|0x0000000663800000, 0x0000000663800000, 0x0000000663c00000|  0%| F|  |TAMS 0x0000000663800000, 0x0000000663800000| Untracked 
| 351|0x0000000663c00000, 0x0000000663c00000, 0x0000000664000000|  0%| F|  |TAMS 0x0000000663c00000, 0x0000000663c00000| Untracked 
| 352|0x0000000664000000, 0x0000000664000000, 0x0000000664400000|  0%| F|  |TAMS 0x0000000664000000, 0x0000000664000000| Untracked 
| 353|0x0000000664400000, 0x0000000664400000, 0x0000000664800000|  0%| F|  |TAMS 0x0000000664400000, 0x0000000664400000| Untracked 
| 354|0x0000000664800000, 0x0000000664800000, 0x0000000664c00000|  0%| F|  |TAMS 0x0000000664800000, 0x0000000664800000| Untracked 
| 355|0x0000000664c00000, 0x0000000664c00000, 0x0000000665000000|  0%| F|  |TAMS 0x0000000664c00000, 0x0000000664c00000| Untracked 
| 356|0x0000000665000000, 0x0000000665000000, 0x0000000665400000|  0%| F|  |TAMS 0x0000000665000000, 0x0000000665000000| Untracked 
| 357|0x0000000665400000, 0x0000000665400000, 0x0000000665800000|  0%| F|  |TAMS 0x0000000665400000, 0x0000000665400000| Untracked 
| 358|0x0000000665800000, 0x0000000665800000, 0x0000000665c00000|  0%| F|  |TAMS 0x0000000665800000, 0x0000000665800000| Untracked 
| 359|0x0000000665c00000, 0x0000000665c00000, 0x0000000666000000|  0%| F|  |TAMS 0x0000000665c00000, 0x0000000665c00000| Untracked 
| 360|0x0000000666000000, 0x0000000666000000, 0x0000000666400000|  0%| F|  |TAMS 0x0000000666000000, 0x0000000666000000| Untracked 
| 361|0x0000000666400000, 0x0000000666400000, 0x0000000666800000|  0%| F|  |TAMS 0x0000000666400000, 0x0000000666400000| Untracked 
| 362|0x0000000666800000, 0x0000000666800000, 0x0000000666c00000|  0%| F|  |TAMS 0x0000000666800000, 0x0000000666800000| Untracked 
| 363|0x0000000666c00000, 0x0000000666c00000, 0x0000000667000000|  0%| F|  |TAMS 0x0000000666c00000, 0x0000000666c00000| Untracked 
| 364|0x0000000667000000, 0x0000000667000000, 0x0000000667400000|  0%| F|  |TAMS 0x0000000667000000, 0x0000000667000000| Untracked 
| 365|0x0000000667400000, 0x0000000667400000, 0x0000000667800000|  0%| F|  |TAMS 0x0000000667400000, 0x0000000667400000| Untracked 
| 366|0x0000000667800000, 0x0000000667800000, 0x0000000667c00000|  0%| F|  |TAMS 0x0000000667800000, 0x0000000667800000| Untracked 
| 367|0x0000000667c00000, 0x0000000667c00000, 0x0000000668000000|  0%| F|  |TAMS 0x0000000667c00000, 0x0000000667c00000| Untracked 
| 368|0x0000000668000000, 0x0000000668000000, 0x0000000668400000|  0%| F|  |TAMS 0x0000000668000000, 0x0000000668000000| Untracked 
| 369|0x0000000668400000, 0x0000000668400000, 0x0000000668800000|  0%| F|  |TAMS 0x0000000668400000, 0x0000000668400000| Untracked 
| 370|0x0000000668800000, 0x0000000668800000, 0x0000000668c00000|  0%| F|  |TAMS 0x0000000668800000, 0x0000000668800000| Untracked 
| 371|0x0000000668c00000, 0x0000000668c00000, 0x0000000669000000|  0%| F|  |TAMS 0x0000000668c00000, 0x0000000668c00000| Untracked 
| 372|0x0000000669000000, 0x0000000669000000, 0x0000000669400000|  0%| F|  |TAMS 0x0000000669000000, 0x0000000669000000| Untracked 
| 373|0x0000000669400000, 0x0000000669400000, 0x0000000669800000|  0%| F|  |TAMS 0x0000000669400000, 0x0000000669400000| Untracked 
| 374|0x0000000669800000, 0x0000000669800000, 0x0000000669c00000|  0%| F|  |TAMS 0x0000000669800000, 0x0000000669800000| Untracked 
| 375|0x0000000669c00000, 0x0000000669c00000, 0x000000066a000000|  0%| F|  |TAMS 0x0000000669c00000, 0x0000000669c00000| Untracked 
| 376|0x000000066a000000, 0x000000066a000000, 0x000000066a400000|  0%| F|  |TAMS 0x000000066a000000, 0x000000066a000000| Untracked 
| 377|0x000000066a400000, 0x000000066a400000, 0x000000066a800000|  0%| F|  |TAMS 0x000000066a400000, 0x000000066a400000| Untracked 
| 378|0x000000066a800000, 0x000000066a800000, 0x000000066ac00000|  0%| F|  |TAMS 0x000000066a800000, 0x000000066a800000| Untracked 
| 379|0x000000066ac00000, 0x000000066ac00000, 0x000000066b000000|  0%| F|  |TAMS 0x000000066ac00000, 0x000000066ac00000| Untracked 
| 380|0x000000066b000000, 0x000000066b000000, 0x000000066b400000|  0%| F|  |TAMS 0x000000066b000000, 0x000000066b000000| Untracked 
| 381|0x000000066b400000, 0x000000066b400000, 0x000000066b800000|  0%| F|  |TAMS 0x000000066b400000, 0x000000066b400000| Untracked 
| 382|0x000000066b800000, 0x000000066b800000, 0x000000066bc00000|  0%| F|  |TAMS 0x000000066b800000, 0x000000066b800000| Untracked 
| 383|0x000000066bc00000, 0x000000066bc00000, 0x000000066c000000|  0%| F|  |TAMS 0x000000066bc00000, 0x000000066bc00000| Untracked 
| 384|0x000000066c000000, 0x000000066c000000, 0x000000066c400000|  0%| F|  |TAMS 0x000000066c000000, 0x000000066c000000| Untracked 
| 385|0x000000066c400000, 0x000000066c400000, 0x000000066c800000|  0%| F|  |TAMS 0x000000066c400000, 0x000000066c400000| Untracked 
| 386|0x000000066c800000, 0x000000066c800000, 0x000000066cc00000|  0%| F|  |TAMS 0x000000066c800000, 0x000000066c800000| Untracked 
| 387|0x000000066cc00000, 0x000000066d000000, 0x000000066d000000|100%| S|  |TAMS 0x000000066cc00000, 0x000000066cc00000| Complete 
| 388|0x000000066d000000, 0x000000066d400000, 0x000000066d400000|100%| S|  |TAMS 0x000000066d000000, 0x000000066d000000| Complete 
| 389|0x000000066d400000, 0x000000066d800000, 0x000000066d800000|100%| S|  |TAMS 0x000000066d400000, 0x000000066d400000| Complete 
| 390|0x000000066d800000, 0x000000066dc00000, 0x000000066dc00000|100%| S|  |TAMS 0x000000066d800000, 0x000000066d800000| Complete 
| 391|0x000000066dc00000, 0x000000066e000000, 0x000000066e000000|100%| S|  |TAMS 0x000000066dc00000, 0x000000066dc00000| Complete 
| 392|0x000000066e000000, 0x000000066e400000, 0x000000066e400000|100%| S|  |TAMS 0x000000066e000000, 0x000000066e000000| Complete 
| 393|0x000000066e400000, 0x000000066e800000, 0x000000066e800000|100%| S|  |TAMS 0x000000066e400000, 0x000000066e400000| Complete 
| 394|0x000000066e800000, 0x000000066ec00000, 0x000000066ec00000|100%| S|  |TAMS 0x000000066e800000, 0x000000066e800000| Complete 
| 395|0x000000066ec00000, 0x000000066f000000, 0x000000066f000000|100%| S|  |TAMS 0x000000066ec00000, 0x000000066ec00000| Complete 
| 396|0x000000066f000000, 0x000000066f400000, 0x000000066f400000|100%| S|  |TAMS 0x000000066f000000, 0x000000066f000000| Complete 
| 397|0x000000066f400000, 0x000000066f66f8e0, 0x000000066f800000| 60%| E|CS|TAMS 0x000000066f400000, 0x000000066f400000| Complete 
| 398|0x000000066f800000, 0x000000066fc00000, 0x000000066fc00000|100%| E|CS|TAMS 0x000000066f800000, 0x000000066f800000| Complete 
| 399|0x000000066fc00000, 0x0000000670000000, 0x0000000670000000|100%| E|CS|TAMS 0x000000066fc00000, 0x000000066fc00000| Complete 
| 400|0x0000000670000000, 0x0000000670400000, 0x0000000670400000|100%| E|CS|TAMS 0x0000000670000000, 0x0000000670000000| Complete 
| 401|0x0000000670400000, 0x0000000670800000, 0x0000000670800000|100%| E|CS|TAMS 0x0000000670400000, 0x0000000670400000| Complete 
| 402|0x0000000670800000, 0x0000000670c00000, 0x0000000670c00000|100%| E|CS|TAMS 0x0000000670800000, 0x0000000670800000| Complete 
| 403|0x0000000670c00000, 0x0000000671000000, 0x0000000671000000|100%| E|CS|TAMS 0x0000000670c00000, 0x0000000670c00000| Complete 
| 404|0x0000000671000000, 0x0000000671400000, 0x0000000671400000|100%| E|CS|TAMS 0x0000000671000000, 0x0000000671000000| Complete 
| 405|0x0000000671400000, 0x0000000671800000, 0x0000000671800000|100%| E|CS|TAMS 0x0000000671400000, 0x0000000671400000| Complete 
| 406|0x0000000671800000, 0x0000000671c00000, 0x0000000671c00000|100%| E|CS|TAMS 0x0000000671800000, 0x0000000671800000| Complete 
| 407|0x0000000671c00000, 0x0000000672000000, 0x0000000672000000|100%| E|CS|TAMS 0x0000000671c00000, 0x0000000671c00000| Complete 
| 408|0x0000000672000000, 0x0000000672400000, 0x0000000672400000|100%| E|CS|TAMS 0x0000000672000000, 0x0000000672000000| Complete 
| 409|0x0000000672400000, 0x0000000672800000, 0x0000000672800000|100%| E|CS|TAMS 0x0000000672400000, 0x0000000672400000| Complete 
| 410|0x0000000672800000, 0x0000000672c00000, 0x0000000672c00000|100%| E|CS|TAMS 0x0000000672800000, 0x0000000672800000| Complete 
| 411|0x0000000672c00000, 0x0000000673000000, 0x0000000673000000|100%| E|CS|TAMS 0x0000000672c00000, 0x0000000672c00000| Complete 
| 412|0x0000000673000000, 0x0000000673400000, 0x0000000673400000|100%| E|CS|TAMS 0x0000000673000000, 0x0000000673000000| Complete 
| 413|0x0000000673400000, 0x0000000673800000, 0x0000000673800000|100%| E|CS|TAMS 0x0000000673400000, 0x0000000673400000| Complete 
| 414|0x0000000673800000, 0x0000000673c00000, 0x0000000673c00000|100%| E|CS|TAMS 0x0000000673800000, 0x0000000673800000| Complete 
| 415|0x0000000673c00000, 0x0000000674000000, 0x0000000674000000|100%| E|CS|TAMS 0x0000000673c00000, 0x0000000673c00000| Complete 
| 416|0x0000000674000000, 0x0000000674400000, 0x0000000674400000|100%| E|CS|TAMS 0x0000000674000000, 0x0000000674000000| Complete 
| 417|0x0000000674400000, 0x0000000674800000, 0x0000000674800000|100%| E|CS|TAMS 0x0000000674400000, 0x0000000674400000| Complete 
| 418|0x0000000674800000, 0x0000000674c00000, 0x0000000674c00000|100%| E|CS|TAMS 0x0000000674800000, 0x0000000674800000| Complete 
| 419|0x0000000674c00000, 0x0000000675000000, 0x0000000675000000|100%| E|CS|TAMS 0x0000000674c00000, 0x0000000674c00000| Complete 
| 420|0x0000000675000000, 0x0000000675400000, 0x0000000675400000|100%| E|CS|TAMS 0x0000000675000000, 0x0000000675000000| Complete 
| 421|0x0000000675400000, 0x0000000675800000, 0x0000000675800000|100%| E|CS|TAMS 0x0000000675400000, 0x0000000675400000| Complete 
| 422|0x0000000675800000, 0x0000000675c00000, 0x0000000675c00000|100%| E|CS|TAMS 0x0000000675800000, 0x0000000675800000| Complete 
| 423|0x0000000675c00000, 0x0000000676000000, 0x0000000676000000|100%| E|CS|TAMS 0x0000000675c00000, 0x0000000675c00000| Complete 
| 424|0x0000000676000000, 0x0000000676400000, 0x0000000676400000|100%| E|CS|TAMS 0x0000000676000000, 0x0000000676000000| Complete 
| 425|0x0000000676400000, 0x0000000676800000, 0x0000000676800000|100%| E|CS|TAMS 0x0000000676400000, 0x0000000676400000| Complete 
| 426|0x0000000676800000, 0x0000000676c00000, 0x0000000676c00000|100%| E|CS|TAMS 0x0000000676800000, 0x0000000676800000| Complete 
| 427|0x0000000676c00000, 0x0000000677000000, 0x0000000677000000|100%| E|CS|TAMS 0x0000000676c00000, 0x0000000676c00000| Complete 
| 428|0x0000000677000000, 0x0000000677400000, 0x0000000677400000|100%| E|CS|TAMS 0x0000000677000000, 0x0000000677000000| Complete 
| 429|0x0000000677400000, 0x0000000677800000, 0x0000000677800000|100%| E|CS|TAMS 0x0000000677400000, 0x0000000677400000| Complete 
| 430|0x0000000677800000, 0x0000000677c00000, 0x0000000677c00000|100%| E|CS|TAMS 0x0000000677800000, 0x0000000677800000| Complete 
| 431|0x0000000677c00000, 0x0000000678000000, 0x0000000678000000|100%| E|CS|TAMS 0x0000000677c00000, 0x0000000677c00000| Complete 
| 432|0x0000000678000000, 0x0000000678400000, 0x0000000678400000|100%| E|CS|TAMS 0x0000000678000000, 0x0000000678000000| Complete 
| 433|0x0000000678400000, 0x0000000678800000, 0x0000000678800000|100%| E|CS|TAMS 0x0000000678400000, 0x0000000678400000| Complete 
| 434|0x0000000678800000, 0x0000000678c00000, 0x0000000678c00000|100%| E|CS|TAMS 0x0000000678800000, 0x0000000678800000| Complete 
| 435|0x0000000678c00000, 0x0000000679000000, 0x0000000679000000|100%| E|CS|TAMS 0x0000000678c00000, 0x0000000678c00000| Complete 
| 436|0x0000000679000000, 0x0000000679400000, 0x0000000679400000|100%| E|CS|TAMS 0x0000000679000000, 0x0000000679000000| Complete 
| 437|0x0000000679400000, 0x0000000679800000, 0x0000000679800000|100%| E|CS|TAMS 0x0000000679400000, 0x0000000679400000| Complete 
| 438|0x0000000679800000, 0x0000000679c00000, 0x0000000679c00000|100%| E|CS|TAMS 0x0000000679800000, 0x0000000679800000| Complete 
| 439|0x0000000679c00000, 0x000000067a000000, 0x000000067a000000|100%| S|  |TAMS 0x0000000679c00000, 0x0000000679c00000| Complete 
| 440|0x000000067a000000, 0x000000067a400000, 0x000000067a400000|100%| S|  |TAMS 0x000000067a000000, 0x000000067a000000| Complete 
| 441|0x000000067a400000, 0x000000067a800000, 0x000000067a800000|100%| S|  |TAMS 0x000000067a400000, 0x000000067a400000| Complete 
| 442|0x000000067a800000, 0x000000067ac00000, 0x000000067ac00000|100%| S|  |TAMS 0x000000067a800000, 0x000000067a800000| Complete 
| 443|0x000000067ac00000, 0x000000067b000000, 0x000000067b000000|100%| S|  |TAMS 0x000000067ac00000, 0x000000067ac00000| Complete 
| 444|0x000000067b000000, 0x000000067b400000, 0x000000067b400000|100%| S|  |TAMS 0x000000067b000000, 0x000000067b000000| Complete 
| 445|0x000000067b400000, 0x000000067b800000, 0x000000067b800000|100%| S|  |TAMS 0x000000067b400000, 0x000000067b400000| Complete 
| 446|0x000000067b800000, 0x000000067bc00000, 0x000000067bc00000|100%| S|  |TAMS 0x000000067b800000, 0x000000067b800000| Complete 
| 447|0x000000067bc00000, 0x000000067c000000, 0x000000067c000000|100%| S|  |TAMS 0x000000067bc00000, 0x000000067bc00000| Complete 
| 448|0x000000067c000000, 0x000000067c400000, 0x000000067c400000|100%| S|  |TAMS 0x000000067c000000, 0x000000067c000000| Complete 
| 449|0x000000067c400000, 0x000000067c800000, 0x000000067c800000|100%| S|  |TAMS 0x000000067c400000, 0x000000067c400000| Complete 
| 450|0x000000067c800000, 0x000000067cc00000, 0x000000067cc00000|100%| S|  |TAMS 0x000000067c800000, 0x000000067c800000| Complete 
| 451|0x000000067cc00000, 0x000000067d000000, 0x000000067d000000|100%| S|  |TAMS 0x000000067cc00000, 0x000000067cc00000| Complete 
| 452|0x000000067d000000, 0x000000067d400000, 0x000000067d400000|100%| S|  |TAMS 0x000000067d000000, 0x000000067d000000| Complete 
| 453|0x000000067d400000, 0x000000067d800000, 0x000000067d800000|100%| S|  |TAMS 0x000000067d400000, 0x000000067d400000| Complete 
| 454|0x000000067d800000, 0x000000067dc00000, 0x000000067dc00000|100%| S|  |TAMS 0x000000067d800000, 0x000000067d800000| Complete 
| 455|0x000000067dc00000, 0x000000067e000000, 0x000000067e000000|100%| S|  |TAMS 0x000000067dc00000, 0x000000067dc00000| Complete 
| 456|0x000000067e000000, 0x000000067e400000, 0x000000067e400000|100%| S|  |TAMS 0x000000067e000000, 0x000000067e000000| Complete 
| 457|0x000000067e400000, 0x000000067e800000, 0x000000067e800000|100%| S|  |TAMS 0x000000067e400000, 0x000000067e400000| Complete 
| 458|0x000000067e800000, 0x000000067ec00000, 0x000000067ec00000|100%| S|  |TAMS 0x000000067e800000, 0x000000067e800000| Complete 
| 459|0x000000067ec00000, 0x000000067f000000, 0x000000067f000000|100%| S|  |TAMS 0x000000067ec00000, 0x000000067ec00000| Complete 
| 460|0x000000067f000000, 0x000000067f400000, 0x000000067f400000|100%| S|  |TAMS 0x000000067f000000, 0x000000067f000000| Complete 
| 461|0x000000067f400000, 0x000000067f800000, 0x000000067f800000|100%| S|  |TAMS 0x000000067f400000, 0x000000067f400000| Complete 
| 462|0x000000067f800000, 0x000000067fc00000, 0x000000067fc00000|100%| S|  |TAMS 0x000000067f800000, 0x000000067f800000| Complete 
| 463|0x000000067fc00000, 0x0000000680000000, 0x0000000680000000|100%| S|  |TAMS 0x000000067fc00000, 0x000000067fc00000| Complete 
| 464|0x0000000680000000, 0x0000000680400000, 0x0000000680400000|100%| S|  |TAMS 0x0000000680000000, 0x0000000680000000| Complete 
| 465|0x0000000680400000, 0x0000000680800000, 0x0000000680800000|100%| S|  |TAMS 0x0000000680400000, 0x0000000680400000| Complete 
| 466|0x0000000680800000, 0x0000000680c00000, 0x0000000680c00000|100%| S|  |TAMS 0x0000000680800000, 0x0000000680800000| Complete 
| 467|0x0000000680c00000, 0x0000000681000000, 0x0000000681000000|100%| S|  |TAMS 0x0000000680c00000, 0x0000000680c00000| Complete 
| 468|0x0000000681000000, 0x0000000681400000, 0x0000000681400000|100%| S|  |TAMS 0x0000000681000000, 0x0000000681000000| Complete 
| 469|0x0000000681400000, 0x0000000681800000, 0x0000000681800000|100%| S|  |TAMS 0x0000000681400000, 0x0000000681400000| Complete 
| 470|0x0000000681800000, 0x0000000681c00000, 0x0000000681c00000|100%| S|  |TAMS 0x0000000681800000, 0x0000000681800000| Complete 
| 471|0x0000000681c00000, 0x0000000682000000, 0x0000000682000000|100%| S|  |TAMS 0x0000000681c00000, 0x0000000681c00000| Complete 
| 472|0x0000000682000000, 0x0000000682400000, 0x0000000682400000|100%| S|  |TAMS 0x0000000682000000, 0x0000000682000000| Complete 
| 473|0x0000000682400000, 0x0000000682800000, 0x0000000682800000|100%| S|  |TAMS 0x0000000682400000, 0x0000000682400000| Complete 
| 474|0x0000000682800000, 0x0000000682c00000, 0x0000000682c00000|100%| S|  |TAMS 0x0000000682800000, 0x0000000682800000| Complete 
| 475|0x0000000682c00000, 0x0000000683000000, 0x0000000683000000|100%| S|  |TAMS 0x0000000682c00000, 0x0000000682c00000| Complete 
| 476|0x0000000683000000, 0x0000000683400000, 0x0000000683400000|100%| S|  |TAMS 0x0000000683000000, 0x0000000683000000| Complete 
| 477|0x0000000683400000, 0x0000000683800000, 0x0000000683800000|100%| S|  |TAMS 0x0000000683400000, 0x0000000683400000| Complete 
| 478|0x0000000683800000, 0x0000000683c00000, 0x0000000683c00000|100%| S|  |TAMS 0x0000000683800000, 0x0000000683800000| Complete 
| 479|0x0000000683c00000, 0x0000000684000000, 0x0000000684000000|100%| S|  |TAMS 0x0000000683c00000, 0x0000000683c00000| Complete 
| 480|0x0000000684000000, 0x0000000684400000, 0x0000000684400000|100%| S|  |TAMS 0x0000000684000000, 0x0000000684000000| Complete 
| 481|0x0000000684400000, 0x0000000684800000, 0x0000000684800000|100%| E|CS|TAMS 0x0000000684400000, 0x0000000684400000| Complete 
| 482|0x0000000684800000, 0x0000000684c00000, 0x0000000684c00000|100%| E|CS|TAMS 0x0000000684800000, 0x0000000684800000| Complete 
| 483|0x0000000684c00000, 0x0000000685000000, 0x0000000685000000|100%| E|CS|TAMS 0x0000000684c00000, 0x0000000684c00000| Complete 
| 484|0x0000000685000000, 0x0000000685400000, 0x0000000685400000|100%| E|CS|TAMS 0x0000000685000000, 0x0000000685000000| Complete 
| 485|0x0000000685400000, 0x0000000685800000, 0x0000000685800000|100%| E|CS|TAMS 0x0000000685400000, 0x0000000685400000| Complete 
| 486|0x0000000685800000, 0x0000000685c00000, 0x0000000685c00000|100%| E|CS|TAMS 0x0000000685800000, 0x0000000685800000| Complete 
| 487|0x0000000685c00000, 0x0000000686000000, 0x0000000686000000|100%| E|CS|TAMS 0x0000000685c00000, 0x0000000685c00000| Complete 
| 488|0x0000000686000000, 0x0000000686400000, 0x0000000686400000|100%| E|CS|TAMS 0x0000000686000000, 0x0000000686000000| Complete 
| 489|0x0000000686400000, 0x0000000686800000, 0x0000000686800000|100%| E|CS|TAMS 0x0000000686400000, 0x0000000686400000| Complete 
| 490|0x0000000686800000, 0x0000000686c00000, 0x0000000686c00000|100%| E|CS|TAMS 0x0000000686800000, 0x0000000686800000| Complete 
| 491|0x0000000686c00000, 0x0000000687000000, 0x0000000687000000|100%| E|CS|TAMS 0x0000000686c00000, 0x0000000686c00000| Complete 
| 492|0x0000000687000000, 0x0000000687400000, 0x0000000687400000|100%| E|CS|TAMS 0x0000000687000000, 0x0000000687000000| Complete 
| 493|0x0000000687400000, 0x0000000687800000, 0x0000000687800000|100%| E|CS|TAMS 0x0000000687400000, 0x0000000687400000| Complete 
| 494|0x0000000687800000, 0x0000000687c00000, 0x0000000687c00000|100%| E|CS|TAMS 0x0000000687800000, 0x0000000687800000| Complete 
| 495|0x0000000687c00000, 0x0000000688000000, 0x0000000688000000|100%| E|CS|TAMS 0x0000000687c00000, 0x0000000687c00000| Complete 
| 496|0x0000000688000000, 0x0000000688400000, 0x0000000688400000|100%| E|CS|TAMS 0x0000000688000000, 0x0000000688000000| Complete 
| 497|0x0000000688400000, 0x0000000688800000, 0x0000000688800000|100%| E|CS|TAMS 0x0000000688400000, 0x0000000688400000| Complete 
| 498|0x0000000688800000, 0x0000000688c00000, 0x0000000688c00000|100%| E|CS|TAMS 0x0000000688800000, 0x0000000688800000| Complete 
| 499|0x0000000688c00000, 0x0000000689000000, 0x0000000689000000|100%| E|CS|TAMS 0x0000000688c00000, 0x0000000688c00000| Complete 
| 500|0x0000000689000000, 0x0000000689400000, 0x0000000689400000|100%| E|CS|TAMS 0x0000000689000000, 0x0000000689000000| Complete 
| 501|0x0000000689400000, 0x0000000689800000, 0x0000000689800000|100%| E|CS|TAMS 0x0000000689400000, 0x0000000689400000| Complete 
| 502|0x0000000689800000, 0x0000000689c00000, 0x0000000689c00000|100%| E|CS|TAMS 0x0000000689800000, 0x0000000689800000| Complete 
| 503|0x0000000689c00000, 0x000000068a000000, 0x000000068a000000|100%| E|CS|TAMS 0x0000000689c00000, 0x0000000689c00000| Complete 
| 504|0x000000068a000000, 0x000000068a400000, 0x000000068a400000|100%| E|CS|TAMS 0x000000068a000000, 0x000000068a000000| Complete 
| 505|0x000000068a400000, 0x000000068a800000, 0x000000068a800000|100%| E|CS|TAMS 0x000000068a400000, 0x000000068a400000| Complete 
| 506|0x000000068a800000, 0x000000068ac00000, 0x000000068ac00000|100%| E|CS|TAMS 0x000000068a800000, 0x000000068a800000| Complete 
| 507|0x000000068ac00000, 0x000000068b000000, 0x000000068b000000|100%| E|CS|TAMS 0x000000068ac00000, 0x000000068ac00000| Complete 
| 508|0x000000068b000000, 0x000000068b400000, 0x000000068b400000|100%| E|CS|TAMS 0x000000068b000000, 0x000000068b000000| Complete 
| 509|0x000000068b400000, 0x000000068b800000, 0x000000068b800000|100%| E|CS|TAMS 0x000000068b400000, 0x000000068b400000| Complete 
| 510|0x000000068b800000, 0x000000068bc00000, 0x000000068bc00000|100%| E|CS|TAMS 0x000000068b800000, 0x000000068b800000| Complete 
| 511|0x000000068bc00000, 0x000000068c000000, 0x000000068c000000|100%| E|CS|TAMS 0x000000068bc00000, 0x000000068bc00000| Complete 
| 512|0x000000068c000000, 0x000000068c400000, 0x000000068c400000|100%| E|CS|TAMS 0x000000068c000000, 0x000000068c000000| Complete 
| 513|0x000000068c400000, 0x000000068c800000, 0x000000068c800000|100%| E|CS|TAMS 0x000000068c400000, 0x000000068c400000| Complete 
| 514|0x000000068c800000, 0x000000068cc00000, 0x000000068cc00000|100%| E|CS|TAMS 0x000000068c800000, 0x000000068c800000| Complete 
| 515|0x000000068cc00000, 0x000000068d000000, 0x000000068d000000|100%| E|CS|TAMS 0x000000068cc00000, 0x000000068cc00000| Complete 
| 516|0x000000068d000000, 0x000000068d400000, 0x000000068d400000|100%| E|CS|TAMS 0x000000068d000000, 0x000000068d000000| Complete 
| 517|0x000000068d400000, 0x000000068d800000, 0x000000068d800000|100%| E|CS|TAMS 0x000000068d400000, 0x000000068d400000| Complete 
| 518|0x000000068d800000, 0x000000068dc00000, 0x000000068dc00000|100%| E|CS|TAMS 0x000000068d800000, 0x000000068d800000| Complete 
| 519|0x000000068dc00000, 0x000000068e000000, 0x000000068e000000|100%| E|CS|TAMS 0x000000068dc00000, 0x000000068dc00000| Complete 
| 520|0x000000068e000000, 0x000000068e400000, 0x000000068e400000|100%| E|CS|TAMS 0x000000068e000000, 0x000000068e000000| Complete 
| 521|0x000000068e400000, 0x000000068e800000, 0x000000068e800000|100%| E|CS|TAMS 0x000000068e400000, 0x000000068e400000| Complete 
| 522|0x000000068e800000, 0x000000068ec00000, 0x000000068ec00000|100%| E|CS|TAMS 0x000000068e800000, 0x000000068e800000| Complete 
| 523|0x000000068ec00000, 0x000000068f000000, 0x000000068f000000|100%| E|CS|TAMS 0x000000068ec00000, 0x000000068ec00000| Complete 
| 524|0x000000068f000000, 0x000000068f400000, 0x000000068f400000|100%| E|CS|TAMS 0x000000068f000000, 0x000000068f000000| Complete 
| 525|0x000000068f400000, 0x000000068f800000, 0x000000068f800000|100%| E|CS|TAMS 0x000000068f400000, 0x000000068f400000| Complete 
| 526|0x000000068f800000, 0x000000068fc00000, 0x000000068fc00000|100%| E|CS|TAMS 0x000000068f800000, 0x000000068f800000| Complete 
| 527|0x000000068fc00000, 0x0000000690000000, 0x0000000690000000|100%| E|CS|TAMS 0x000000068fc00000, 0x000000068fc00000| Complete 
| 528|0x0000000690000000, 0x0000000690400000, 0x0000000690400000|100%| E|CS|TAMS 0x0000000690000000, 0x0000000690000000| Complete 
| 529|0x0000000690400000, 0x0000000690800000, 0x0000000690800000|100%| E|CS|TAMS 0x0000000690400000, 0x0000000690400000| Complete 
| 530|0x0000000690800000, 0x0000000690c00000, 0x0000000690c00000|100%| E|CS|TAMS 0x0000000690800000, 0x0000000690800000| Complete 
| 531|0x0000000690c00000, 0x0000000691000000, 0x0000000691000000|100%| E|CS|TAMS 0x0000000690c00000, 0x0000000690c00000| Complete 
| 532|0x0000000691000000, 0x0000000691400000, 0x0000000691400000|100%| E|CS|TAMS 0x0000000691000000, 0x0000000691000000| Complete 
| 533|0x0000000691400000, 0x0000000691800000, 0x0000000691800000|100%| E|CS|TAMS 0x0000000691400000, 0x0000000691400000| Complete 
| 534|0x0000000691800000, 0x0000000691c00000, 0x0000000691c00000|100%| E|CS|TAMS 0x0000000691800000, 0x0000000691800000| Complete 
| 535|0x0000000691c00000, 0x0000000692000000, 0x0000000692000000|100%| E|CS|TAMS 0x0000000691c00000, 0x0000000691c00000| Complete 
| 536|0x0000000692000000, 0x0000000692400000, 0x0000000692400000|100%| E|CS|TAMS 0x0000000692000000, 0x0000000692000000| Complete 
| 537|0x0000000692400000, 0x0000000692800000, 0x0000000692800000|100%| E|CS|TAMS 0x0000000692400000, 0x0000000692400000| Complete 
| 538|0x0000000692800000, 0x0000000692c00000, 0x0000000692c00000|100%| E|CS|TAMS 0x0000000692800000, 0x0000000692800000| Complete 
| 539|0x0000000692c00000, 0x0000000693000000, 0x0000000693000000|100%| E|CS|TAMS 0x0000000692c00000, 0x0000000692c00000| Complete 
| 540|0x0000000693000000, 0x0000000693400000, 0x0000000693400000|100%| E|CS|TAMS 0x0000000693000000, 0x0000000693000000| Complete 
| 541|0x0000000693400000, 0x0000000693800000, 0x0000000693800000|100%| E|CS|TAMS 0x0000000693400000, 0x0000000693400000| Complete 
| 542|0x0000000693800000, 0x0000000693c00000, 0x0000000693c00000|100%| E|CS|TAMS 0x0000000693800000, 0x0000000693800000| Complete 
| 543|0x0000000693c00000, 0x0000000694000000, 0x0000000694000000|100%| E|CS|TAMS 0x0000000693c00000, 0x0000000693c00000| Complete 
| 544|0x0000000694000000, 0x0000000694400000, 0x0000000694400000|100%| E|CS|TAMS 0x0000000694000000, 0x0000000694000000| Complete 
| 545|0x0000000694400000, 0x0000000694800000, 0x0000000694800000|100%| E|CS|TAMS 0x0000000694400000, 0x0000000694400000| Complete 
| 546|0x0000000694800000, 0x0000000694c00000, 0x0000000694c00000|100%| E|CS|TAMS 0x0000000694800000, 0x0000000694800000| Complete 
| 547|0x0000000694c00000, 0x0000000695000000, 0x0000000695000000|100%| E|CS|TAMS 0x0000000694c00000, 0x0000000694c00000| Complete 
| 548|0x0000000695000000, 0x0000000695400000, 0x0000000695400000|100%| E|CS|TAMS 0x0000000695000000, 0x0000000695000000| Complete 
| 549|0x0000000695400000, 0x0000000695800000, 0x0000000695800000|100%| E|CS|TAMS 0x0000000695400000, 0x0000000695400000| Complete 
| 550|0x0000000695800000, 0x0000000695c00000, 0x0000000695c00000|100%| E|CS|TAMS 0x0000000695800000, 0x0000000695800000| Complete 
| 551|0x0000000695c00000, 0x0000000696000000, 0x0000000696000000|100%| E|CS|TAMS 0x0000000695c00000, 0x0000000695c00000| Complete 
| 552|0x0000000696000000, 0x0000000696400000, 0x0000000696400000|100%| E|CS|TAMS 0x0000000696000000, 0x0000000696000000| Complete 
| 553|0x0000000696400000, 0x0000000696800000, 0x0000000696800000|100%| E|CS|TAMS 0x0000000696400000, 0x0000000696400000| Complete 
| 554|0x0000000696800000, 0x0000000696c00000, 0x0000000696c00000|100%| E|CS|TAMS 0x0000000696800000, 0x0000000696800000| Complete 
| 555|0x0000000696c00000, 0x0000000697000000, 0x0000000697000000|100%| E|CS|TAMS 0x0000000696c00000, 0x0000000696c00000| Complete 
| 556|0x0000000697000000, 0x0000000697400000, 0x0000000697400000|100%| E|CS|TAMS 0x0000000697000000, 0x0000000697000000| Complete 
| 557|0x0000000697400000, 0x0000000697800000, 0x0000000697800000|100%| E|CS|TAMS 0x0000000697400000, 0x0000000697400000| Complete 
| 558|0x0000000697800000, 0x0000000697c00000, 0x0000000697c00000|100%| E|CS|TAMS 0x0000000697800000, 0x0000000697800000| Complete 
| 559|0x0000000697c00000, 0x0000000698000000, 0x0000000698000000|100%| E|CS|TAMS 0x0000000697c00000, 0x0000000697c00000| Complete 
| 560|0x0000000698000000, 0x0000000698400000, 0x0000000698400000|100%| E|CS|TAMS 0x0000000698000000, 0x0000000698000000| Complete 
| 561|0x0000000698400000, 0x0000000698800000, 0x0000000698800000|100%| E|CS|TAMS 0x0000000698400000, 0x0000000698400000| Complete 
| 562|0x0000000698800000, 0x0000000698c00000, 0x0000000698c00000|100%| E|CS|TAMS 0x0000000698800000, 0x0000000698800000| Complete 
| 563|0x0000000698c00000, 0x0000000699000000, 0x0000000699000000|100%| E|CS|TAMS 0x0000000698c00000, 0x0000000698c00000| Complete 
| 564|0x0000000699000000, 0x0000000699400000, 0x0000000699400000|100%| E|CS|TAMS 0x0000000699000000, 0x0000000699000000| Complete 
| 565|0x0000000699400000, 0x0000000699800000, 0x0000000699800000|100%| E|CS|TAMS 0x0000000699400000, 0x0000000699400000| Complete 
| 566|0x0000000699800000, 0x0000000699c00000, 0x0000000699c00000|100%| E|CS|TAMS 0x0000000699800000, 0x0000000699800000| Complete 
| 567|0x0000000699c00000, 0x000000069a000000, 0x000000069a000000|100%| E|CS|TAMS 0x0000000699c00000, 0x0000000699c00000| Complete 
| 568|0x000000069a000000, 0x000000069a400000, 0x000000069a400000|100%| E|CS|TAMS 0x000000069a000000, 0x000000069a000000| Complete 
| 569|0x000000069a400000, 0x000000069a800000, 0x000000069a800000|100%| E|CS|TAMS 0x000000069a400000, 0x000000069a400000| Complete 
| 570|0x000000069a800000, 0x000000069ac00000, 0x000000069ac00000|100%| E|CS|TAMS 0x000000069a800000, 0x000000069a800000| Complete 
| 571|0x000000069ac00000, 0x000000069b000000, 0x000000069b000000|100%| E|CS|TAMS 0x000000069ac00000, 0x000000069ac00000| Complete 
| 572|0x000000069b000000, 0x000000069b400000, 0x000000069b400000|100%| E|CS|TAMS 0x000000069b000000, 0x000000069b000000| Complete 
| 573|0x000000069b400000, 0x000000069b800000, 0x000000069b800000|100%| E|CS|TAMS 0x000000069b400000, 0x000000069b400000| Complete 
| 574|0x000000069b800000, 0x000000069bc00000, 0x000000069bc00000|100%| E|CS|TAMS 0x000000069b800000, 0x000000069b800000| Complete 
| 575|0x000000069bc00000, 0x000000069c000000, 0x000000069c000000|100%| E|CS|TAMS 0x000000069bc00000, 0x000000069bc00000| Complete 
| 576|0x000000069c000000, 0x000000069c400000, 0x000000069c400000|100%| E|CS|TAMS 0x000000069c000000, 0x000000069c000000| Complete 
| 577|0x000000069c400000, 0x000000069c800000, 0x000000069c800000|100%| E|CS|TAMS 0x000000069c400000, 0x000000069c400000| Complete 
| 578|0x000000069c800000, 0x000000069cc00000, 0x000000069cc00000|100%| E|CS|TAMS 0x000000069c800000, 0x000000069c800000| Complete 
| 579|0x000000069cc00000, 0x000000069d000000, 0x000000069d000000|100%| E|CS|TAMS 0x000000069cc00000, 0x000000069cc00000| Complete 
| 580|0x000000069d000000, 0x000000069d400000, 0x000000069d400000|100%| E|CS|TAMS 0x000000069d000000, 0x000000069d000000| Complete 
| 581|0x000000069d400000, 0x000000069d800000, 0x000000069d800000|100%| E|CS|TAMS 0x000000069d400000, 0x000000069d400000| Complete 
| 582|0x000000069d800000, 0x000000069dc00000, 0x000000069dc00000|100%| E|CS|TAMS 0x000000069d800000, 0x000000069d800000| Complete 
| 583|0x000000069dc00000, 0x000000069e000000, 0x000000069e000000|100%| E|CS|TAMS 0x000000069dc00000, 0x000000069dc00000| Complete 
| 584|0x000000069e000000, 0x000000069e400000, 0x000000069e400000|100%| E|CS|TAMS 0x000000069e000000, 0x000000069e000000| Complete 
| 585|0x000000069e400000, 0x000000069e800000, 0x000000069e800000|100%| E|CS|TAMS 0x000000069e400000, 0x000000069e400000| Complete 
| 586|0x000000069e800000, 0x000000069ec00000, 0x000000069ec00000|100%| E|CS|TAMS 0x000000069e800000, 0x000000069e800000| Complete 
| 587|0x000000069ec00000, 0x000000069f000000, 0x000000069f000000|100%| E|CS|TAMS 0x000000069ec00000, 0x000000069ec00000| Complete 
| 588|0x000000069f000000, 0x000000069f400000, 0x000000069f400000|100%| E|CS|TAMS 0x000000069f000000, 0x000000069f000000| Complete 
| 589|0x000000069f400000, 0x000000069f800000, 0x000000069f800000|100%| E|CS|TAMS 0x000000069f400000, 0x000000069f400000| Complete 
| 590|0x000000069f800000, 0x000000069fc00000, 0x000000069fc00000|100%| E|CS|TAMS 0x000000069f800000, 0x000000069f800000| Complete 
| 591|0x000000069fc00000, 0x00000006a0000000, 0x00000006a0000000|100%| E|CS|TAMS 0x000000069fc00000, 0x000000069fc00000| Complete 
| 592|0x00000006a0000000, 0x00000006a0400000, 0x00000006a0400000|100%| E|CS|TAMS 0x00000006a0000000, 0x00000006a0000000| Complete 
| 593|0x00000006a0400000, 0x00000006a0800000, 0x00000006a0800000|100%| E|CS|TAMS 0x00000006a0400000, 0x00000006a0400000| Complete 
| 594|0x00000006a0800000, 0x00000006a0c00000, 0x00000006a0c00000|100%| E|CS|TAMS 0x00000006a0800000, 0x00000006a0800000| Complete 
| 595|0x00000006a0c00000, 0x00000006a1000000, 0x00000006a1000000|100%| E|CS|TAMS 0x00000006a0c00000, 0x00000006a0c00000| Complete 
| 596|0x00000006a1000000, 0x00000006a1400000, 0x00000006a1400000|100%| E|CS|TAMS 0x00000006a1000000, 0x00000006a1000000| Complete 
| 597|0x00000006a1400000, 0x00000006a1800000, 0x00000006a1800000|100%| E|CS|TAMS 0x00000006a1400000, 0x00000006a1400000| Complete 
| 598|0x00000006a1800000, 0x00000006a1c00000, 0x00000006a1c00000|100%| E|CS|TAMS 0x00000006a1800000, 0x00000006a1800000| Complete 
| 599|0x00000006a1c00000, 0x00000006a2000000, 0x00000006a2000000|100%| E|CS|TAMS 0x00000006a1c00000, 0x00000006a1c00000| Complete 
| 600|0x00000006a2000000, 0x00000006a2400000, 0x00000006a2400000|100%| E|CS|TAMS 0x00000006a2000000, 0x00000006a2000000| Complete 
| 601|0x00000006a2400000, 0x00000006a2800000, 0x00000006a2800000|100%| E|CS|TAMS 0x00000006a2400000, 0x00000006a2400000| Complete 
| 602|0x00000006a2800000, 0x00000006a2c00000, 0x00000006a2c00000|100%| E|CS|TAMS 0x00000006a2800000, 0x00000006a2800000| Complete 
| 603|0x00000006a2c00000, 0x00000006a3000000, 0x00000006a3000000|100%| E|CS|TAMS 0x00000006a2c00000, 0x00000006a2c00000| Complete 
| 604|0x00000006a3000000, 0x00000006a3400000, 0x00000006a3400000|100%| E|CS|TAMS 0x00000006a3000000, 0x00000006a3000000| Complete 
| 605|0x00000006a3400000, 0x00000006a3800000, 0x00000006a3800000|100%| E|CS|TAMS 0x00000006a3400000, 0x00000006a3400000| Complete 
| 606|0x00000006a3800000, 0x00000006a3c00000, 0x00000006a3c00000|100%| E|CS|TAMS 0x00000006a3800000, 0x00000006a3800000| Complete 
| 607|0x00000006a3c00000, 0x00000006a4000000, 0x00000006a4000000|100%| E|CS|TAMS 0x00000006a3c00000, 0x00000006a3c00000| Complete 
| 608|0x00000006a4000000, 0x00000006a4400000, 0x00000006a4400000|100%| E|CS|TAMS 0x00000006a4000000, 0x00000006a4000000| Complete 
| 609|0x00000006a4400000, 0x00000006a4800000, 0x00000006a4800000|100%| E|CS|TAMS 0x00000006a4400000, 0x00000006a4400000| Complete 
| 610|0x00000006a4800000, 0x00000006a4c00000, 0x00000006a4c00000|100%| E|CS|TAMS 0x00000006a4800000, 0x00000006a4800000| Complete 
| 611|0x00000006a4c00000, 0x00000006a5000000, 0x00000006a5000000|100%| E|CS|TAMS 0x00000006a4c00000, 0x00000006a4c00000| Complete 
| 612|0x00000006a5000000, 0x00000006a5400000, 0x00000006a5400000|100%| E|CS|TAMS 0x00000006a5000000, 0x00000006a5000000| Complete 
| 613|0x00000006a5400000, 0x00000006a5800000, 0x00000006a5800000|100%| E|CS|TAMS 0x00000006a5400000, 0x00000006a5400000| Complete 
| 614|0x00000006a5800000, 0x00000006a5c00000, 0x00000006a5c00000|100%| E|CS|TAMS 0x00000006a5800000, 0x00000006a5800000| Complete 
| 615|0x00000006a5c00000, 0x00000006a6000000, 0x00000006a6000000|100%| E|CS|TAMS 0x00000006a5c00000, 0x00000006a5c00000| Complete 
| 616|0x00000006a6000000, 0x00000006a6400000, 0x00000006a6400000|100%| E|CS|TAMS 0x00000006a6000000, 0x00000006a6000000| Complete 
| 617|0x00000006a6400000, 0x00000006a6800000, 0x00000006a6800000|100%| E|CS|TAMS 0x00000006a6400000, 0x00000006a6400000| Complete 
| 618|0x00000006a6800000, 0x00000006a6c00000, 0x00000006a6c00000|100%| E|CS|TAMS 0x00000006a6800000, 0x00000006a6800000| Complete 
| 619|0x00000006a6c00000, 0x00000006a7000000, 0x00000006a7000000|100%| E|CS|TAMS 0x00000006a6c00000, 0x00000006a6c00000| Complete 
| 620|0x00000006a7000000, 0x00000006a7400000, 0x00000006a7400000|100%| E|CS|TAMS 0x00000006a7000000, 0x00000006a7000000| Complete 
| 621|0x00000006a7400000, 0x00000006a7800000, 0x00000006a7800000|100%| E|CS|TAMS 0x00000006a7400000, 0x00000006a7400000| Complete 
| 622|0x00000006a7800000, 0x00000006a7c00000, 0x00000006a7c00000|100%| E|CS|TAMS 0x00000006a7800000, 0x00000006a7800000| Complete 
| 623|0x00000006a7c00000, 0x00000006a8000000, 0x00000006a8000000|100%| E|CS|TAMS 0x00000006a7c00000, 0x00000006a7c00000| Complete 
| 624|0x00000006a8000000, 0x00000006a8400000, 0x00000006a8400000|100%| E|CS|TAMS 0x00000006a8000000, 0x00000006a8000000| Complete 
| 625|0x00000006a8400000, 0x00000006a8800000, 0x00000006a8800000|100%| E|CS|TAMS 0x00000006a8400000, 0x00000006a8400000| Complete 
| 626|0x00000006a8800000, 0x00000006a8c00000, 0x00000006a8c00000|100%| E|CS|TAMS 0x00000006a8800000, 0x00000006a8800000| Complete 
| 627|0x00000006a8c00000, 0x00000006a9000000, 0x00000006a9000000|100%| E|CS|TAMS 0x00000006a8c00000, 0x00000006a8c00000| Complete 
| 628|0x00000006a9000000, 0x00000006a9400000, 0x00000006a9400000|100%| E|CS|TAMS 0x00000006a9000000, 0x00000006a9000000| Complete 
| 629|0x00000006a9400000, 0x00000006a9800000, 0x00000006a9800000|100%| E|CS|TAMS 0x00000006a9400000, 0x00000006a9400000| Complete 
| 630|0x00000006a9800000, 0x00000006a9c00000, 0x00000006a9c00000|100%| E|CS|TAMS 0x00000006a9800000, 0x00000006a9800000| Complete 
| 631|0x00000006a9c00000, 0x00000006aa000000, 0x00000006aa000000|100%| E|CS|TAMS 0x00000006a9c00000, 0x00000006a9c00000| Complete 
| 632|0x00000006aa000000, 0x00000006aa400000, 0x00000006aa400000|100%| E|CS|TAMS 0x00000006aa000000, 0x00000006aa000000| Complete 
| 633|0x00000006aa400000, 0x00000006aa800000, 0x00000006aa800000|100%| E|CS|TAMS 0x00000006aa400000, 0x00000006aa400000| Complete 
| 634|0x00000006aa800000, 0x00000006aac00000, 0x00000006aac00000|100%| E|CS|TAMS 0x00000006aa800000, 0x00000006aa800000| Complete 
| 635|0x00000006aac00000, 0x00000006ab000000, 0x00000006ab000000|100%| E|CS|TAMS 0x00000006aac00000, 0x00000006aac00000| Complete 
| 636|0x00000006ab000000, 0x00000006ab400000, 0x00000006ab400000|100%| E|CS|TAMS 0x00000006ab000000, 0x00000006ab000000| Complete 
| 637|0x00000006ab400000, 0x00000006ab800000, 0x00000006ab800000|100%| E|CS|TAMS 0x00000006ab400000, 0x00000006ab400000| Complete 
| 638|0x00000006ab800000, 0x00000006abc00000, 0x00000006abc00000|100%| E|CS|TAMS 0x00000006ab800000, 0x00000006ab800000| Complete 
| 639|0x00000006abc00000, 0x00000006ac000000, 0x00000006ac000000|100%| E|CS|TAMS 0x00000006abc00000, 0x00000006abc00000| Complete 
| 640|0x00000006ac000000, 0x00000006ac400000, 0x00000006ac400000|100%| E|CS|TAMS 0x00000006ac000000, 0x00000006ac000000| Complete 
| 641|0x00000006ac400000, 0x00000006ac800000, 0x00000006ac800000|100%| E|CS|TAMS 0x00000006ac400000, 0x00000006ac400000| Complete 
| 642|0x00000006ac800000, 0x00000006acc00000, 0x00000006acc00000|100%| E|CS|TAMS 0x00000006ac800000, 0x00000006ac800000| Complete 
| 643|0x00000006acc00000, 0x00000006ad000000, 0x00000006ad000000|100%| E|CS|TAMS 0x00000006acc00000, 0x00000006acc00000| Complete 
| 644|0x00000006ad000000, 0x00000006ad400000, 0x00000006ad400000|100%| E|CS|TAMS 0x00000006ad000000, 0x00000006ad000000| Complete 
| 645|0x00000006ad400000, 0x00000006ad800000, 0x00000006ad800000|100%| E|CS|TAMS 0x00000006ad400000, 0x00000006ad400000| Complete 
| 646|0x00000006ad800000, 0x00000006adc00000, 0x00000006adc00000|100%| E|CS|TAMS 0x00000006ad800000, 0x00000006ad800000| Complete 
| 647|0x00000006adc00000, 0x00000006ae000000, 0x00000006ae000000|100%| E|CS|TAMS 0x00000006adc00000, 0x00000006adc00000| Complete 
| 648|0x00000006ae000000, 0x00000006ae400000, 0x00000006ae400000|100%| E|CS|TAMS 0x00000006ae000000, 0x00000006ae000000| Complete 
| 649|0x00000006ae400000, 0x00000006ae800000, 0x00000006ae800000|100%| E|CS|TAMS 0x00000006ae400000, 0x00000006ae400000| Complete 
| 650|0x00000006ae800000, 0x00000006aec00000, 0x00000006aec00000|100%| E|CS|TAMS 0x00000006ae800000, 0x00000006ae800000| Complete 
| 651|0x00000006aec00000, 0x00000006af000000, 0x00000006af000000|100%| E|CS|TAMS 0x00000006aec00000, 0x00000006aec00000| Complete 
| 652|0x00000006af000000, 0x00000006af400000, 0x00000006af400000|100%| E|CS|TAMS 0x00000006af000000, 0x00000006af000000| Complete 
| 653|0x00000006af400000, 0x00000006af800000, 0x00000006af800000|100%| E|CS|TAMS 0x00000006af400000, 0x00000006af400000| Complete 
| 654|0x00000006af800000, 0x00000006afc00000, 0x00000006afc00000|100%| E|CS|TAMS 0x00000006af800000, 0x00000006af800000| Complete 
| 655|0x00000006afc00000, 0x00000006b0000000, 0x00000006b0000000|100%| E|CS|TAMS 0x00000006afc00000, 0x00000006afc00000| Complete 
| 656|0x00000006b0000000, 0x00000006b0400000, 0x00000006b0400000|100%| E|CS|TAMS 0x00000006b0000000, 0x00000006b0000000| Complete 
| 657|0x00000006b0400000, 0x00000006b0800000, 0x00000006b0800000|100%| E|CS|TAMS 0x00000006b0400000, 0x00000006b0400000| Complete 
| 658|0x00000006b0800000, 0x00000006b0c00000, 0x00000006b0c00000|100%| E|CS|TAMS 0x00000006b0800000, 0x00000006b0800000| Complete 
| 659|0x00000006b0c00000, 0x00000006b1000000, 0x00000006b1000000|100%| E|CS|TAMS 0x00000006b0c00000, 0x00000006b0c00000| Complete 
| 660|0x00000006b1000000, 0x00000006b1400000, 0x00000006b1400000|100%| E|CS|TAMS 0x00000006b1000000, 0x00000006b1000000| Complete 
| 661|0x00000006b1400000, 0x00000006b1800000, 0x00000006b1800000|100%| E|CS|TAMS 0x00000006b1400000, 0x00000006b1400000| Complete 
| 662|0x00000006b1800000, 0x00000006b1c00000, 0x00000006b1c00000|100%| E|CS|TAMS 0x00000006b1800000, 0x00000006b1800000| Complete 
| 663|0x00000006b1c00000, 0x00000006b2000000, 0x00000006b2000000|100%| E|CS|TAMS 0x00000006b1c00000, 0x00000006b1c00000| Complete 
| 664|0x00000006b2000000, 0x00000006b2400000, 0x00000006b2400000|100%| E|CS|TAMS 0x00000006b2000000, 0x00000006b2000000| Complete 
| 665|0x00000006b2400000, 0x00000006b2800000, 0x00000006b2800000|100%| E|CS|TAMS 0x00000006b2400000, 0x00000006b2400000| Complete 
| 666|0x00000006b2800000, 0x00000006b2c00000, 0x00000006b2c00000|100%| E|CS|TAMS 0x00000006b2800000, 0x00000006b2800000| Complete 
| 667|0x00000006b2c00000, 0x00000006b3000000, 0x00000006b3000000|100%| E|CS|TAMS 0x00000006b2c00000, 0x00000006b2c00000| Complete 
| 668|0x00000006b3000000, 0x00000006b3400000, 0x00000006b3400000|100%| E|CS|TAMS 0x00000006b3000000, 0x00000006b3000000| Complete 
| 669|0x00000006b3400000, 0x00000006b3800000, 0x00000006b3800000|100%| E|CS|TAMS 0x00000006b3400000, 0x00000006b3400000| Complete 
| 670|0x00000006b3800000, 0x00000006b3c00000, 0x00000006b3c00000|100%| E|CS|TAMS 0x00000006b3800000, 0x00000006b3800000| Complete 
| 671|0x00000006b3c00000, 0x00000006b4000000, 0x00000006b4000000|100%| E|CS|TAMS 0x00000006b3c00000, 0x00000006b3c00000| Complete 
| 672|0x00000006b4000000, 0x00000006b4400000, 0x00000006b4400000|100%| E|CS|TAMS 0x00000006b4000000, 0x00000006b4000000| Complete 
| 673|0x00000006b4400000, 0x00000006b4800000, 0x00000006b4800000|100%| E|CS|TAMS 0x00000006b4400000, 0x00000006b4400000| Complete 
| 674|0x00000006b4800000, 0x00000006b4c00000, 0x00000006b4c00000|100%| E|CS|TAMS 0x00000006b4800000, 0x00000006b4800000| Complete 
| 675|0x00000006b4c00000, 0x00000006b5000000, 0x00000006b5000000|100%| E|CS|TAMS 0x00000006b4c00000, 0x00000006b4c00000| Complete 
| 676|0x00000006b5000000, 0x00000006b5400000, 0x00000006b5400000|100%| E|CS|TAMS 0x00000006b5000000, 0x00000006b5000000| Complete 
| 677|0x00000006b5400000, 0x00000006b5800000, 0x00000006b5800000|100%| E|CS|TAMS 0x00000006b5400000, 0x00000006b5400000| Complete 
| 678|0x00000006b5800000, 0x00000006b5c00000, 0x00000006b5c00000|100%| E|CS|TAMS 0x00000006b5800000, 0x00000006b5800000| Complete 
| 679|0x00000006b5c00000, 0x00000006b6000000, 0x00000006b6000000|100%| E|CS|TAMS 0x00000006b5c00000, 0x00000006b5c00000| Complete 
| 680|0x00000006b6000000, 0x00000006b6400000, 0x00000006b6400000|100%| E|CS|TAMS 0x00000006b6000000, 0x00000006b6000000| Complete 
| 681|0x00000006b6400000, 0x00000006b6800000, 0x00000006b6800000|100%| E|CS|TAMS 0x00000006b6400000, 0x00000006b6400000| Complete 
| 682|0x00000006b6800000, 0x00000006b6c00000, 0x00000006b6c00000|100%| E|CS|TAMS 0x00000006b6800000, 0x00000006b6800000| Complete 
| 683|0x00000006b6c00000, 0x00000006b7000000, 0x00000006b7000000|100%| E|CS|TAMS 0x00000006b6c00000, 0x00000006b6c00000| Complete 
| 684|0x00000006b7000000, 0x00000006b7400000, 0x00000006b7400000|100%| E|CS|TAMS 0x00000006b7000000, 0x00000006b7000000| Complete 
| 685|0x00000006b7400000, 0x00000006b7800000, 0x00000006b7800000|100%| E|CS|TAMS 0x00000006b7400000, 0x00000006b7400000| Complete 
| 686|0x00000006b7800000, 0x00000006b7c00000, 0x00000006b7c00000|100%| E|CS|TAMS 0x00000006b7800000, 0x00000006b7800000| Complete 
| 687|0x00000006b7c00000, 0x00000006b8000000, 0x00000006b8000000|100%| E|CS|TAMS 0x00000006b7c00000, 0x00000006b7c00000| Complete 
| 688|0x00000006b8000000, 0x00000006b8400000, 0x00000006b8400000|100%| E|CS|TAMS 0x00000006b8000000, 0x00000006b8000000| Complete 
| 689|0x00000006b8400000, 0x00000006b8800000, 0x00000006b8800000|100%| E|CS|TAMS 0x00000006b8400000, 0x00000006b8400000| Complete 
| 690|0x00000006b8800000, 0x00000006b8c00000, 0x00000006b8c00000|100%| E|CS|TAMS 0x00000006b8800000, 0x00000006b8800000| Complete 
| 691|0x00000006b8c00000, 0x00000006b9000000, 0x00000006b9000000|100%| E|CS|TAMS 0x00000006b8c00000, 0x00000006b8c00000| Complete 
| 692|0x00000006b9000000, 0x00000006b9400000, 0x00000006b9400000|100%| E|CS|TAMS 0x00000006b9000000, 0x00000006b9000000| Complete 
| 693|0x00000006b9400000, 0x00000006b9800000, 0x00000006b9800000|100%| E|CS|TAMS 0x00000006b9400000, 0x00000006b9400000| Complete 
| 694|0x00000006b9800000, 0x00000006b9c00000, 0x00000006b9c00000|100%| E|CS|TAMS 0x00000006b9800000, 0x00000006b9800000| Complete 
| 695|0x00000006b9c00000, 0x00000006ba000000, 0x00000006ba000000|100%| E|CS|TAMS 0x00000006b9c00000, 0x00000006b9c00000| Complete 
| 696|0x00000006ba000000, 0x00000006ba400000, 0x00000006ba400000|100%| E|CS|TAMS 0x00000006ba000000, 0x00000006ba000000| Complete 
| 697|0x00000006ba400000, 0x00000006ba800000, 0x00000006ba800000|100%| E|CS|TAMS 0x00000006ba400000, 0x00000006ba400000| Complete 
| 698|0x00000006ba800000, 0x00000006bac00000, 0x00000006bac00000|100%| E|CS|TAMS 0x00000006ba800000, 0x00000006ba800000| Complete 
| 699|0x00000006bac00000, 0x00000006bb000000, 0x00000006bb000000|100%| E|CS|TAMS 0x00000006bac00000, 0x00000006bac00000| Complete 
| 700|0x00000006bb000000, 0x00000006bb400000, 0x00000006bb400000|100%| E|CS|TAMS 0x00000006bb000000, 0x00000006bb000000| Complete 
| 701|0x00000006bb400000, 0x00000006bb800000, 0x00000006bb800000|100%| E|CS|TAMS 0x00000006bb400000, 0x00000006bb400000| Complete 
| 702|0x00000006bb800000, 0x00000006bbc00000, 0x00000006bbc00000|100%| E|CS|TAMS 0x00000006bb800000, 0x00000006bb800000| Complete 
| 703|0x00000006bbc00000, 0x00000006bc000000, 0x00000006bc000000|100%| E|CS|TAMS 0x00000006bbc00000, 0x00000006bbc00000| Complete 
| 704|0x00000006bc000000, 0x00000006bc400000, 0x00000006bc400000|100%| E|CS|TAMS 0x00000006bc000000, 0x00000006bc000000| Complete 
| 705|0x00000006bc400000, 0x00000006bc800000, 0x00000006bc800000|100%| E|CS|TAMS 0x00000006bc400000, 0x00000006bc400000| Complete 
| 706|0x00000006bc800000, 0x00000006bcc00000, 0x00000006bcc00000|100%| E|CS|TAMS 0x00000006bc800000, 0x00000006bc800000| Complete 
| 707|0x00000006bcc00000, 0x00000006bd000000, 0x00000006bd000000|100%| E|CS|TAMS 0x00000006bcc00000, 0x00000006bcc00000| Complete 
| 708|0x00000006bd000000, 0x00000006bd400000, 0x00000006bd400000|100%| E|CS|TAMS 0x00000006bd000000, 0x00000006bd000000| Complete 
| 709|0x00000006bd400000, 0x00000006bd800000, 0x00000006bd800000|100%| E|CS|TAMS 0x00000006bd400000, 0x00000006bd400000| Complete 
| 710|0x00000006bd800000, 0x00000006bdc00000, 0x00000006bdc00000|100%| E|CS|TAMS 0x00000006bd800000, 0x00000006bd800000| Complete 
| 711|0x00000006bdc00000, 0x00000006be000000, 0x00000006be000000|100%| E|CS|TAMS 0x00000006bdc00000, 0x00000006bdc00000| Complete 
| 712|0x00000006be000000, 0x00000006be400000, 0x00000006be400000|100%| E|CS|TAMS 0x00000006be000000, 0x00000006be000000| Complete 
| 713|0x00000006be400000, 0x00000006be800000, 0x00000006be800000|100%| E|CS|TAMS 0x00000006be400000, 0x00000006be400000| Complete 
| 714|0x00000006be800000, 0x00000006bec00000, 0x00000006bec00000|100%| E|CS|TAMS 0x00000006be800000, 0x00000006be800000| Complete 
| 715|0x00000006bec00000, 0x00000006bf000000, 0x00000006bf000000|100%| E|CS|TAMS 0x00000006bec00000, 0x00000006bec00000| Complete 
| 716|0x00000006bf000000, 0x00000006bf400000, 0x00000006bf400000|100%| E|CS|TAMS 0x00000006bf000000, 0x00000006bf000000| Complete 
| 717|0x00000006bf400000, 0x00000006bf800000, 0x00000006bf800000|100%| E|CS|TAMS 0x00000006bf400000, 0x00000006bf400000| Complete 
| 718|0x00000006bf800000, 0x00000006bfc00000, 0x00000006bfc00000|100%| E|CS|TAMS 0x00000006bf800000, 0x00000006bf800000| Complete 
| 719|0x00000006bfc00000, 0x00000006c0000000, 0x00000006c0000000|100%| E|CS|TAMS 0x00000006bfc00000, 0x00000006bfc00000| Complete 
| 720|0x00000006c0000000, 0x00000006c0400000, 0x00000006c0400000|100%| E|CS|TAMS 0x00000006c0000000, 0x00000006c0000000| Complete 
| 721|0x00000006c0400000, 0x00000006c0800000, 0x00000006c0800000|100%| E|CS|TAMS 0x00000006c0400000, 0x00000006c0400000| Complete 
| 722|0x00000006c0800000, 0x00000006c0c00000, 0x00000006c0c00000|100%| E|CS|TAMS 0x00000006c0800000, 0x00000006c0800000| Complete 
| 723|0x00000006c0c00000, 0x00000006c1000000, 0x00000006c1000000|100%| E|CS|TAMS 0x00000006c0c00000, 0x00000006c0c00000| Complete 
| 724|0x00000006c1000000, 0x00000006c1400000, 0x00000006c1400000|100%| E|CS|TAMS 0x00000006c1000000, 0x00000006c1000000| Complete 
| 725|0x00000006c1400000, 0x00000006c1800000, 0x00000006c1800000|100%| E|CS|TAMS 0x00000006c1400000, 0x00000006c1400000| Complete 
| 726|0x00000006c1800000, 0x00000006c1c00000, 0x00000006c1c00000|100%| E|CS|TAMS 0x00000006c1800000, 0x00000006c1800000| Complete 
| 727|0x00000006c1c00000, 0x00000006c2000000, 0x00000006c2000000|100%| E|CS|TAMS 0x00000006c1c00000, 0x00000006c1c00000| Complete 
| 728|0x00000006c2000000, 0x00000006c2400000, 0x00000006c2400000|100%| E|CS|TAMS 0x00000006c2000000, 0x00000006c2000000| Complete 
| 729|0x00000006c2400000, 0x00000006c2800000, 0x00000006c2800000|100%| E|CS|TAMS 0x00000006c2400000, 0x00000006c2400000| Complete 
| 730|0x00000006c2800000, 0x00000006c2c00000, 0x00000006c2c00000|100%| E|CS|TAMS 0x00000006c2800000, 0x00000006c2800000| Complete 
| 731|0x00000006c2c00000, 0x00000006c3000000, 0x00000006c3000000|100%| E|CS|TAMS 0x00000006c2c00000, 0x00000006c2c00000| Complete 
| 732|0x00000006c3000000, 0x00000006c3400000, 0x00000006c3400000|100%| E|CS|TAMS 0x00000006c3000000, 0x00000006c3000000| Complete 
| 733|0x00000006c3400000, 0x00000006c3800000, 0x00000006c3800000|100%| E|CS|TAMS 0x00000006c3400000, 0x00000006c3400000| Complete 
| 734|0x00000006c3800000, 0x00000006c3c00000, 0x00000006c3c00000|100%| E|CS|TAMS 0x00000006c3800000, 0x00000006c3800000| Complete 
| 735|0x00000006c3c00000, 0x00000006c4000000, 0x00000006c4000000|100%| E|CS|TAMS 0x00000006c3c00000, 0x00000006c3c00000| Complete 
| 736|0x00000006c4000000, 0x00000006c4400000, 0x00000006c4400000|100%| E|CS|TAMS 0x00000006c4000000, 0x00000006c4000000| Complete 
| 737|0x00000006c4400000, 0x00000006c4800000, 0x00000006c4800000|100%| E|CS|TAMS 0x00000006c4400000, 0x00000006c4400000| Complete 
| 738|0x00000006c4800000, 0x00000006c4c00000, 0x00000006c4c00000|100%| E|CS|TAMS 0x00000006c4800000, 0x00000006c4800000| Complete 
| 739|0x00000006c4c00000, 0x00000006c5000000, 0x00000006c5000000|100%| E|CS|TAMS 0x00000006c4c00000, 0x00000006c4c00000| Complete 
| 740|0x00000006c5000000, 0x00000006c5400000, 0x00000006c5400000|100%| E|CS|TAMS 0x00000006c5000000, 0x00000006c5000000| Complete 
| 741|0x00000006c5400000, 0x00000006c5800000, 0x00000006c5800000|100%| E|CS|TAMS 0x00000006c5400000, 0x00000006c5400000| Complete 
| 742|0x00000006c5800000, 0x00000006c5c00000, 0x00000006c5c00000|100%| E|CS|TAMS 0x00000006c5800000, 0x00000006c5800000| Complete 
| 743|0x00000006c5c00000, 0x00000006c6000000, 0x00000006c6000000|100%| E|CS|TAMS 0x00000006c5c00000, 0x00000006c5c00000| Complete 
| 744|0x00000006c6000000, 0x00000006c6400000, 0x00000006c6400000|100%| E|CS|TAMS 0x00000006c6000000, 0x00000006c6000000| Complete 
| 745|0x00000006c6400000, 0x00000006c6800000, 0x00000006c6800000|100%| E|CS|TAMS 0x00000006c6400000, 0x00000006c6400000| Complete 
| 746|0x00000006c6800000, 0x00000006c6c00000, 0x00000006c6c00000|100%| E|CS|TAMS 0x00000006c6800000, 0x00000006c6800000| Complete 
| 747|0x00000006c6c00000, 0x00000006c7000000, 0x00000006c7000000|100%| E|CS|TAMS 0x00000006c6c00000, 0x00000006c6c00000| Complete 
| 748|0x00000006c7000000, 0x00000006c7400000, 0x00000006c7400000|100%| E|CS|TAMS 0x00000006c7000000, 0x00000006c7000000| Complete 
| 749|0x00000006c7400000, 0x00000006c7800000, 0x00000006c7800000|100%| E|CS|TAMS 0x00000006c7400000, 0x00000006c7400000| Complete 
| 750|0x00000006c7800000, 0x00000006c7c00000, 0x00000006c7c00000|100%| E|CS|TAMS 0x00000006c7800000, 0x00000006c7800000| Complete 
| 751|0x00000006c7c00000, 0x00000006c8000000, 0x00000006c8000000|100%| E|CS|TAMS 0x00000006c7c00000, 0x00000006c7c00000| Complete 
| 752|0x00000006c8000000, 0x00000006c8400000, 0x00000006c8400000|100%| E|CS|TAMS 0x00000006c8000000, 0x00000006c8000000| Complete 
| 753|0x00000006c8400000, 0x00000006c8800000, 0x00000006c8800000|100%| E|CS|TAMS 0x00000006c8400000, 0x00000006c8400000| Complete 
| 754|0x00000006c8800000, 0x00000006c8c00000, 0x00000006c8c00000|100%| E|CS|TAMS 0x00000006c8800000, 0x00000006c8800000| Complete 
| 755|0x00000006c8c00000, 0x00000006c9000000, 0x00000006c9000000|100%| E|CS|TAMS 0x00000006c8c00000, 0x00000006c8c00000| Complete 
| 756|0x00000006c9000000, 0x00000006c9400000, 0x00000006c9400000|100%| E|CS|TAMS 0x00000006c9000000, 0x00000006c9000000| Complete 
| 757|0x00000006c9400000, 0x00000006c9800000, 0x00000006c9800000|100%| E|CS|TAMS 0x00000006c9400000, 0x00000006c9400000| Complete 
| 758|0x00000006c9800000, 0x00000006c9c00000, 0x00000006c9c00000|100%| E|CS|TAMS 0x00000006c9800000, 0x00000006c9800000| Complete 
| 759|0x00000006c9c00000, 0x00000006ca000000, 0x00000006ca000000|100%| E|CS|TAMS 0x00000006c9c00000, 0x00000006c9c00000| Complete 
| 760|0x00000006ca000000, 0x00000006ca400000, 0x00000006ca400000|100%| E|CS|TAMS 0x00000006ca000000, 0x00000006ca000000| Complete 
| 761|0x00000006ca400000, 0x00000006ca800000, 0x00000006ca800000|100%| E|CS|TAMS 0x00000006ca400000, 0x00000006ca400000| Complete 
| 762|0x00000006ca800000, 0x00000006cac00000, 0x00000006cac00000|100%| E|CS|TAMS 0x00000006ca800000, 0x00000006ca800000| Complete 
| 763|0x00000006cac00000, 0x00000006cb000000, 0x00000006cb000000|100%| E|CS|TAMS 0x00000006cac00000, 0x00000006cac00000| Complete 
| 764|0x00000006cb000000, 0x00000006cb400000, 0x00000006cb400000|100%| E|CS|TAMS 0x00000006cb000000, 0x00000006cb000000| Complete 
| 765|0x00000006cb400000, 0x00000006cb800000, 0x00000006cb800000|100%| E|CS|TAMS 0x00000006cb400000, 0x00000006cb400000| Complete 
| 766|0x00000006cb800000, 0x00000006cbc00000, 0x00000006cbc00000|100%| E|CS|TAMS 0x00000006cb800000, 0x00000006cb800000| Complete 
| 767|0x00000006cbc00000, 0x00000006cc000000, 0x00000006cc000000|100%| E|CS|TAMS 0x00000006cbc00000, 0x00000006cbc00000| Complete 
| 768|0x00000006cc000000, 0x00000006cc400000, 0x00000006cc400000|100%| E|CS|TAMS 0x00000006cc000000, 0x00000006cc000000| Complete 
| 769|0x00000006cc400000, 0x00000006cc800000, 0x00000006cc800000|100%| E|CS|TAMS 0x00000006cc400000, 0x00000006cc400000| Complete 
| 770|0x00000006cc800000, 0x00000006ccc00000, 0x00000006ccc00000|100%| E|CS|TAMS 0x00000006cc800000, 0x00000006cc800000| Complete 
| 771|0x00000006ccc00000, 0x00000006cd000000, 0x00000006cd000000|100%| E|CS|TAMS 0x00000006ccc00000, 0x00000006ccc00000| Complete 
| 772|0x00000006cd000000, 0x00000006cd400000, 0x00000006cd400000|100%| E|CS|TAMS 0x00000006cd000000, 0x00000006cd000000| Complete 
| 773|0x00000006cd400000, 0x00000006cd800000, 0x00000006cd800000|100%| E|CS|TAMS 0x00000006cd400000, 0x00000006cd400000| Complete 
| 774|0x00000006cd800000, 0x00000006cdc00000, 0x00000006cdc00000|100%| E|CS|TAMS 0x00000006cd800000, 0x00000006cd800000| Complete 
| 775|0x00000006cdc00000, 0x00000006ce000000, 0x00000006ce000000|100%| E|CS|TAMS 0x00000006cdc00000, 0x00000006cdc00000| Complete 
| 776|0x00000006ce000000, 0x00000006ce400000, 0x00000006ce400000|100%| E|CS|TAMS 0x00000006ce000000, 0x00000006ce000000| Complete 
| 777|0x00000006ce400000, 0x00000006ce800000, 0x00000006ce800000|100%| E|CS|TAMS 0x00000006ce400000, 0x00000006ce400000| Complete 
| 778|0x00000006ce800000, 0x00000006cec00000, 0x00000006cec00000|100%| E|CS|TAMS 0x00000006ce800000, 0x00000006ce800000| Complete 
| 779|0x00000006cec00000, 0x00000006cf000000, 0x00000006cf000000|100%| E|CS|TAMS 0x00000006cec00000, 0x00000006cec00000| Complete 
| 780|0x00000006cf000000, 0x00000006cf400000, 0x00000006cf400000|100%| E|CS|TAMS 0x00000006cf000000, 0x00000006cf000000| Complete 
| 781|0x00000006cf400000, 0x00000006cf800000, 0x00000006cf800000|100%| E|CS|TAMS 0x00000006cf400000, 0x00000006cf400000| Complete 
| 782|0x00000006cf800000, 0x00000006cfc00000, 0x00000006cfc00000|100%| E|CS|TAMS 0x00000006cf800000, 0x00000006cf800000| Complete 
| 783|0x00000006cfc00000, 0x00000006d0000000, 0x00000006d0000000|100%| E|CS|TAMS 0x00000006cfc00000, 0x00000006cfc00000| Complete 
| 784|0x00000006d0000000, 0x00000006d0400000, 0x00000006d0400000|100%| E|CS|TAMS 0x00000006d0000000, 0x00000006d0000000| Complete 
| 785|0x00000006d0400000, 0x00000006d0800000, 0x00000006d0800000|100%| E|CS|TAMS 0x00000006d0400000, 0x00000006d0400000| Complete 
| 786|0x00000006d0800000, 0x00000006d0c00000, 0x00000006d0c00000|100%| E|CS|TAMS 0x00000006d0800000, 0x00000006d0800000| Complete 
| 787|0x00000006d0c00000, 0x00000006d1000000, 0x00000006d1000000|100%| E|CS|TAMS 0x00000006d0c00000, 0x00000006d0c00000| Complete 
| 788|0x00000006d1000000, 0x00000006d1400000, 0x00000006d1400000|100%| E|CS|TAMS 0x00000006d1000000, 0x00000006d1000000| Complete 
| 789|0x00000006d1400000, 0x00000006d1800000, 0x00000006d1800000|100%| E|CS|TAMS 0x00000006d1400000, 0x00000006d1400000| Complete 
| 790|0x00000006d1800000, 0x00000006d1c00000, 0x00000006d1c00000|100%| E|CS|TAMS 0x00000006d1800000, 0x00000006d1800000| Complete 
| 791|0x00000006d1c00000, 0x00000006d2000000, 0x00000006d2000000|100%| E|CS|TAMS 0x00000006d1c00000, 0x00000006d1c00000| Complete 
| 792|0x00000006d2000000, 0x00000006d2400000, 0x00000006d2400000|100%| E|CS|TAMS 0x00000006d2000000, 0x00000006d2000000| Complete 
| 793|0x00000006d2400000, 0x00000006d2800000, 0x00000006d2800000|100%| E|CS|TAMS 0x00000006d2400000, 0x00000006d2400000| Complete 
| 794|0x00000006d2800000, 0x00000006d2c00000, 0x00000006d2c00000|100%| E|CS|TAMS 0x00000006d2800000, 0x00000006d2800000| Complete 
| 795|0x00000006d2c00000, 0x00000006d3000000, 0x00000006d3000000|100%| E|CS|TAMS 0x00000006d2c00000, 0x00000006d2c00000| Complete 
| 796|0x00000006d3000000, 0x00000006d3400000, 0x00000006d3400000|100%| E|CS|TAMS 0x00000006d3000000, 0x00000006d3000000| Complete 
| 797|0x00000006d3400000, 0x00000006d3800000, 0x00000006d3800000|100%| E|CS|TAMS 0x00000006d3400000, 0x00000006d3400000| Complete 
| 798|0x00000006d3800000, 0x00000006d3c00000, 0x00000006d3c00000|100%| E|CS|TAMS 0x00000006d3800000, 0x00000006d3800000| Complete 
| 799|0x00000006d3c00000, 0x00000006d4000000, 0x00000006d4000000|100%| E|CS|TAMS 0x00000006d3c00000, 0x00000006d3c00000| Complete 
| 800|0x00000006d4000000, 0x00000006d4400000, 0x00000006d4400000|100%| E|CS|TAMS 0x00000006d4000000, 0x00000006d4000000| Complete 
| 801|0x00000006d4400000, 0x00000006d4800000, 0x00000006d4800000|100%| E|CS|TAMS 0x00000006d4400000, 0x00000006d4400000| Complete 
| 802|0x00000006d4800000, 0x00000006d4c00000, 0x00000006d4c00000|100%| E|CS|TAMS 0x00000006d4800000, 0x00000006d4800000| Complete 
| 803|0x00000006d4c00000, 0x00000006d5000000, 0x00000006d5000000|100%| E|CS|TAMS 0x00000006d4c00000, 0x00000006d4c00000| Complete 
| 804|0x00000006d5000000, 0x00000006d5400000, 0x00000006d5400000|100%| E|CS|TAMS 0x00000006d5000000, 0x00000006d5000000| Complete 
| 805|0x00000006d5400000, 0x00000006d5800000, 0x00000006d5800000|100%| E|CS|TAMS 0x00000006d5400000, 0x00000006d5400000| Complete 
| 806|0x00000006d5800000, 0x00000006d5c00000, 0x00000006d5c00000|100%| E|CS|TAMS 0x00000006d5800000, 0x00000006d5800000| Complete 
| 807|0x00000006d5c00000, 0x00000006d6000000, 0x00000006d6000000|100%| E|CS|TAMS 0x00000006d5c00000, 0x00000006d5c00000| Complete 
| 808|0x00000006d6000000, 0x00000006d6400000, 0x00000006d6400000|100%| E|CS|TAMS 0x00000006d6000000, 0x00000006d6000000| Complete 
| 809|0x00000006d6400000, 0x00000006d6800000, 0x00000006d6800000|100%| E|CS|TAMS 0x00000006d6400000, 0x00000006d6400000| Complete 
| 810|0x00000006d6800000, 0x00000006d6c00000, 0x00000006d6c00000|100%| E|CS|TAMS 0x00000006d6800000, 0x00000006d6800000| Complete 
| 811|0x00000006d6c00000, 0x00000006d7000000, 0x00000006d7000000|100%| E|CS|TAMS 0x00000006d6c00000, 0x00000006d6c00000| Complete 
| 812|0x00000006d7000000, 0x00000006d7400000, 0x00000006d7400000|100%| E|CS|TAMS 0x00000006d7000000, 0x00000006d7000000| Complete 
| 813|0x00000006d7400000, 0x00000006d7800000, 0x00000006d7800000|100%| E|CS|TAMS 0x00000006d7400000, 0x00000006d7400000| Complete 
| 814|0x00000006d7800000, 0x00000006d7c00000, 0x00000006d7c00000|100%| E|CS|TAMS 0x00000006d7800000, 0x00000006d7800000| Complete 
| 815|0x00000006d7c00000, 0x00000006d8000000, 0x00000006d8000000|100%| E|CS|TAMS 0x00000006d7c00000, 0x00000006d7c00000| Complete 
| 816|0x00000006d8000000, 0x00000006d8400000, 0x00000006d8400000|100%| E|CS|TAMS 0x00000006d8000000, 0x00000006d8000000| Complete 
| 817|0x00000006d8400000, 0x00000006d8800000, 0x00000006d8800000|100%| E|CS|TAMS 0x00000006d8400000, 0x00000006d8400000| Complete 
| 818|0x00000006d8800000, 0x00000006d8c00000, 0x00000006d8c00000|100%| E|CS|TAMS 0x00000006d8800000, 0x00000006d8800000| Complete 
| 819|0x00000006d8c00000, 0x00000006d9000000, 0x00000006d9000000|100%| E|CS|TAMS 0x00000006d8c00000, 0x00000006d8c00000| Complete 
| 820|0x00000006d9000000, 0x00000006d9400000, 0x00000006d9400000|100%| E|CS|TAMS 0x00000006d9000000, 0x00000006d9000000| Complete 
| 821|0x00000006d9400000, 0x00000006d9800000, 0x00000006d9800000|100%| E|CS|TAMS 0x00000006d9400000, 0x00000006d9400000| Complete 
| 822|0x00000006d9800000, 0x00000006d9c00000, 0x00000006d9c00000|100%| E|CS|TAMS 0x00000006d9800000, 0x00000006d9800000| Complete 
| 823|0x00000006d9c00000, 0x00000006da000000, 0x00000006da000000|100%| E|CS|TAMS 0x00000006d9c00000, 0x00000006d9c00000| Complete 
| 824|0x00000006da000000, 0x00000006da400000, 0x00000006da400000|100%| E|CS|TAMS 0x00000006da000000, 0x00000006da000000| Complete 
| 825|0x00000006da400000, 0x00000006da800000, 0x00000006da800000|100%| E|CS|TAMS 0x00000006da400000, 0x00000006da400000| Complete 
| 826|0x00000006da800000, 0x00000006dac00000, 0x00000006dac00000|100%| E|CS|TAMS 0x00000006da800000, 0x00000006da800000| Complete 
| 827|0x00000006dac00000, 0x00000006db000000, 0x00000006db000000|100%| E|CS|TAMS 0x00000006dac00000, 0x00000006dac00000| Complete 
| 828|0x00000006db000000, 0x00000006db400000, 0x00000006db400000|100%| E|CS|TAMS 0x00000006db000000, 0x00000006db000000| Complete 
| 829|0x00000006db400000, 0x00000006db800000, 0x00000006db800000|100%| E|CS|TAMS 0x00000006db400000, 0x00000006db400000| Complete 
| 830|0x00000006db800000, 0x00000006dbc00000, 0x00000006dbc00000|100%| E|CS|TAMS 0x00000006db800000, 0x00000006db800000| Complete 
| 831|0x00000006dbc00000, 0x00000006dc000000, 0x00000006dc000000|100%| E|CS|TAMS 0x00000006dbc00000, 0x00000006dbc00000| Complete 
| 832|0x00000006dc000000, 0x00000006dc400000, 0x00000006dc400000|100%| E|CS|TAMS 0x00000006dc000000, 0x00000006dc000000| Complete 
| 833|0x00000006dc400000, 0x00000006dc800000, 0x00000006dc800000|100%| E|CS|TAMS 0x00000006dc400000, 0x00000006dc400000| Complete 
| 834|0x00000006dc800000, 0x00000006dcc00000, 0x00000006dcc00000|100%| E|CS|TAMS 0x00000006dc800000, 0x00000006dc800000| Complete 
| 835|0x00000006dcc00000, 0x00000006dd000000, 0x00000006dd000000|100%| E|CS|TAMS 0x00000006dcc00000, 0x00000006dcc00000| Complete 
| 836|0x00000006dd000000, 0x00000006dd400000, 0x00000006dd400000|100%| E|CS|TAMS 0x00000006dd000000, 0x00000006dd000000| Complete 
| 837|0x00000006dd400000, 0x00000006dd800000, 0x00000006dd800000|100%| E|CS|TAMS 0x00000006dd400000, 0x00000006dd400000| Complete 
| 838|0x00000006dd800000, 0x00000006ddc00000, 0x00000006ddc00000|100%| E|CS|TAMS 0x00000006dd800000, 0x00000006dd800000| Complete 
| 839|0x00000006ddc00000, 0x00000006de000000, 0x00000006de000000|100%| E|CS|TAMS 0x00000006ddc00000, 0x00000006ddc00000| Complete 
| 840|0x00000006de000000, 0x00000006de400000, 0x00000006de400000|100%| E|CS|TAMS 0x00000006de000000, 0x00000006de000000| Complete 
| 841|0x00000006de400000, 0x00000006de800000, 0x00000006de800000|100%| E|CS|TAMS 0x00000006de400000, 0x00000006de400000| Complete 
| 842|0x00000006de800000, 0x00000006dec00000, 0x00000006dec00000|100%| E|CS|TAMS 0x00000006de800000, 0x00000006de800000| Complete 
| 843|0x00000006dec00000, 0x00000006df000000, 0x00000006df000000|100%| E|CS|TAMS 0x00000006dec00000, 0x00000006dec00000| Complete 
| 844|0x00000006df000000, 0x00000006df400000, 0x00000006df400000|100%| E|CS|TAMS 0x00000006df000000, 0x00000006df000000| Complete 
| 845|0x00000006df400000, 0x00000006df800000, 0x00000006df800000|100%| E|CS|TAMS 0x00000006df400000, 0x00000006df400000| Complete 
| 846|0x00000006df800000, 0x00000006dfc00000, 0x00000006dfc00000|100%| E|CS|TAMS 0x00000006df800000, 0x00000006df800000| Complete 
| 847|0x00000006dfc00000, 0x00000006e0000000, 0x00000006e0000000|100%| E|CS|TAMS 0x00000006dfc00000, 0x00000006dfc00000| Complete 
| 848|0x00000006e0000000, 0x00000006e0400000, 0x00000006e0400000|100%| E|CS|TAMS 0x00000006e0000000, 0x00000006e0000000| Complete 
| 849|0x00000006e0400000, 0x00000006e0800000, 0x00000006e0800000|100%| E|CS|TAMS 0x00000006e0400000, 0x00000006e0400000| Complete 
| 850|0x00000006e0800000, 0x00000006e0c00000, 0x00000006e0c00000|100%| E|CS|TAMS 0x00000006e0800000, 0x00000006e0800000| Complete 
| 851|0x00000006e0c00000, 0x00000006e1000000, 0x00000006e1000000|100%| E|CS|TAMS 0x00000006e0c00000, 0x00000006e0c00000| Complete 
| 852|0x00000006e1000000, 0x00000006e1400000, 0x00000006e1400000|100%| E|CS|TAMS 0x00000006e1000000, 0x00000006e1000000| Complete 
| 853|0x00000006e1400000, 0x00000006e1800000, 0x00000006e1800000|100%| E|CS|TAMS 0x00000006e1400000, 0x00000006e1400000| Complete 
| 854|0x00000006e1800000, 0x00000006e1c00000, 0x00000006e1c00000|100%| E|CS|TAMS 0x00000006e1800000, 0x00000006e1800000| Complete 
| 855|0x00000006e1c00000, 0x00000006e2000000, 0x00000006e2000000|100%| E|CS|TAMS 0x00000006e1c00000, 0x00000006e1c00000| Complete 
| 856|0x00000006e2000000, 0x00000006e2400000, 0x00000006e2400000|100%| E|CS|TAMS 0x00000006e2000000, 0x00000006e2000000| Complete 
| 857|0x00000006e2400000, 0x00000006e2800000, 0x00000006e2800000|100%| E|CS|TAMS 0x00000006e2400000, 0x00000006e2400000| Complete 
| 858|0x00000006e2800000, 0x00000006e2c00000, 0x00000006e2c00000|100%| E|CS|TAMS 0x00000006e2800000, 0x00000006e2800000| Complete 
| 859|0x00000006e2c00000, 0x00000006e3000000, 0x00000006e3000000|100%| E|CS|TAMS 0x00000006e2c00000, 0x00000006e2c00000| Complete 
| 860|0x00000006e3000000, 0x00000006e3000000, 0x00000006e3400000|  0%| F|CS|TAMS 0x00000006e3000000, 0x00000006e3000000| Untracked 
| 861|0x00000006e3400000, 0x00000006e3400000, 0x00000006e3800000|  0%| F|CS|TAMS 0x00000006e3400000, 0x00000006e3400000| Untracked 
| 862|0x00000006e3800000, 0x00000006e3800000, 0x00000006e3c00000|  0%| F|CS|TAMS 0x00000006e3800000, 0x00000006e3800000| Untracked 
| 863|0x00000006e3c00000, 0x00000006e3c00000, 0x00000006e4000000|  0%| F|CS|TAMS 0x00000006e3c00000, 0x00000006e3c00000| Untracked 
| 864|0x00000006e4000000, 0x00000006e4000000, 0x00000006e4400000|  0%| F|CS|TAMS 0x00000006e4000000, 0x00000006e4000000| Untracked 
| 865|0x00000006e4400000, 0x00000006e4400000, 0x00000006e4800000|  0%| F|CS|TAMS 0x00000006e4400000, 0x00000006e4400000| Untracked 
| 866|0x00000006e4800000, 0x00000006e4800000, 0x00000006e4c00000|  0%| F|CS|TAMS 0x00000006e4800000, 0x00000006e4800000| Untracked 
| 867|0x00000006e4c00000, 0x00000006e4c00000, 0x00000006e5000000|  0%| F|CS|TAMS 0x00000006e4c00000, 0x00000006e4c00000| Untracked 
| 868|0x00000006e5000000, 0x00000006e5000000, 0x00000006e5400000|  0%| F|CS|TAMS 0x00000006e5000000, 0x00000006e5000000| Untracked 
| 869|0x00000006e5400000, 0x00000006e5400000, 0x00000006e5800000|  0%| F|CS|TAMS 0x00000006e5400000, 0x00000006e5400000| Untracked 
| 870|0x00000006e5800000, 0x00000006e5800000, 0x00000006e5c00000|  0%| F|CS|TAMS 0x00000006e5800000, 0x00000006e5800000| Untracked 
| 871|0x00000006e5c00000, 0x00000006e5c00000, 0x00000006e6000000|  0%| F|CS|TAMS 0x00000006e5c00000, 0x00000006e5c00000| Untracked 
| 872|0x00000006e6000000, 0x00000006e6000000, 0x00000006e6400000|  0%| F|CS|TAMS 0x00000006e6000000, 0x00000006e6000000| Untracked 
| 873|0x00000006e6400000, 0x00000006e6400000, 0x00000006e6800000|  0%| F|CS|TAMS 0x00000006e6400000, 0x00000006e6400000| Untracked 
| 874|0x00000006e6800000, 0x00000006e6800000, 0x00000006e6c00000|  0%| F|CS|TAMS 0x00000006e6800000, 0x00000006e6800000| Untracked 
| 875|0x00000006e6c00000, 0x00000006e6c00000, 0x00000006e7000000|  0%| F|CS|TAMS 0x00000006e6c00000, 0x00000006e6c00000| Untracked 
| 876|0x00000006e7000000, 0x00000006e7000000, 0x00000006e7400000|  0%| F|CS|TAMS 0x00000006e7000000, 0x00000006e7000000| Untracked 
| 877|0x00000006e7400000, 0x00000006e7400000, 0x00000006e7800000|  0%| F|CS|TAMS 0x00000006e7400000, 0x00000006e7400000| Untracked 
| 878|0x00000006e7800000, 0x00000006e7800000, 0x00000006e7c00000|  0%| F|CS|TAMS 0x00000006e7800000, 0x00000006e7800000| Untracked 
| 879|0x00000006e7c00000, 0x00000006e7c00000, 0x00000006e8000000|  0%| F|CS|TAMS 0x00000006e7c00000, 0x00000006e7c00000| Untracked 
| 880|0x00000006e8000000, 0x00000006e8000000, 0x00000006e8400000|  0%| F|CS|TAMS 0x00000006e8000000, 0x00000006e8000000| Untracked 
| 881|0x00000006e8400000, 0x00000006e8400000, 0x00000006e8800000|  0%| F|  |TAMS 0x00000006e8400000, 0x00000006e8400000| Untracked 
| 882|0x00000006e8800000, 0x00000006e8800000, 0x00000006e8c00000|  0%| F|  |TAMS 0x00000006e8800000, 0x00000006e8800000| Untracked 
| 883|0x00000006e8c00000, 0x00000006e8c00000, 0x00000006e9000000|  0%| F|  |TAMS 0x00000006e8c00000, 0x00000006e8c00000| Untracked 
| 884|0x00000006e9000000, 0x00000006e9000000, 0x00000006e9400000|  0%| F|  |TAMS 0x00000006e9000000, 0x00000006e9000000| Untracked 
| 885|0x00000006e9400000, 0x00000006e9400000, 0x00000006e9800000|  0%| F|  |TAMS 0x00000006e9400000, 0x00000006e9400000| Untracked 
| 886|0x00000006e9800000, 0x00000006e9800000, 0x00000006e9c00000|  0%| F|  |TAMS 0x00000006e9800000, 0x00000006e9800000| Untracked 
| 887|0x00000006e9c00000, 0x00000006e9c00000, 0x00000006ea000000|  0%| F|  |TAMS 0x00000006e9c00000, 0x00000006e9c00000| Untracked 
| 888|0x00000006ea000000, 0x00000006ea000000, 0x00000006ea400000|  0%| F|  |TAMS 0x00000006ea000000, 0x00000006ea000000| Untracked 
| 889|0x00000006ea400000, 0x00000006ea400000, 0x00000006ea800000|  0%| F|  |TAMS 0x00000006ea400000, 0x00000006ea400000| Untracked 
| 890|0x00000006ea800000, 0x00000006ea800000, 0x00000006eac00000|  0%| F|  |TAMS 0x00000006ea800000, 0x00000006ea800000| Untracked 
| 891|0x00000006eac00000, 0x00000006eac00000, 0x00000006eb000000|  0%| F|  |TAMS 0x00000006eac00000, 0x00000006eac00000| Untracked 
| 892|0x00000006eb000000, 0x00000006eb000000, 0x00000006eb400000|  0%| F|  |TAMS 0x00000006eb000000, 0x00000006eb000000| Untracked 
| 893|0x00000006eb400000, 0x00000006eb400000, 0x00000006eb800000|  0%| F|  |TAMS 0x00000006eb400000, 0x00000006eb400000| Untracked 
| 894|0x00000006eb800000, 0x00000006eb800000, 0x00000006ebc00000|  0%| F|  |TAMS 0x00000006eb800000, 0x00000006eb800000| Untracked 
| 895|0x00000006ebc00000, 0x00000006ebc00000, 0x00000006ec000000|  0%| F|  |TAMS 0x00000006ebc00000, 0x00000006ebc00000| Untracked 
| 896|0x00000006ec000000, 0x00000006ec000000, 0x00000006ec400000|  0%| F|  |TAMS 0x00000006ec000000, 0x00000006ec000000| Untracked 
| 897|0x00000006ec400000, 0x00000006ec400000, 0x00000006ec800000|  0%| F|  |TAMS 0x00000006ec400000, 0x00000006ec400000| Untracked 
| 898|0x00000006ec800000, 0x00000006ec800000, 0x00000006ecc00000|  0%| F|  |TAMS 0x00000006ec800000, 0x00000006ec800000| Untracked 
| 899|0x00000006ecc00000, 0x00000006ecc00000, 0x00000006ed000000|  0%| F|  |TAMS 0x00000006ecc00000, 0x00000006ecc00000| Untracked 
| 900|0x00000006ed000000, 0x00000006ed000000, 0x00000006ed400000|  0%| F|  |TAMS 0x00000006ed000000, 0x00000006ed000000| Untracked 
| 901|0x00000006ed400000, 0x00000006ed400000, 0x00000006ed800000|  0%| F|  |TAMS 0x00000006ed400000, 0x00000006ed400000| Untracked 
| 902|0x00000006ed800000, 0x00000006ed800000, 0x00000006edc00000|  0%| F|  |TAMS 0x00000006ed800000, 0x00000006ed800000| Untracked 
| 903|0x00000006edc00000, 0x00000006edc00000, 0x00000006ee000000|  0%| F|  |TAMS 0x00000006edc00000, 0x00000006edc00000| Untracked 
| 904|0x00000006ee000000, 0x00000006ee000000, 0x00000006ee400000|  0%| F|  |TAMS 0x00000006ee000000, 0x00000006ee000000| Untracked 
| 905|0x00000006ee400000, 0x00000006ee400000, 0x00000006ee800000|  0%| F|  |TAMS 0x00000006ee400000, 0x00000006ee400000| Untracked 
| 906|0x00000006ee800000, 0x00000006ee800000, 0x00000006eec00000|  0%| F|  |TAMS 0x00000006ee800000, 0x00000006ee800000| Untracked 
| 907|0x00000006eec00000, 0x00000006eec00000, 0x00000006ef000000|  0%| F|  |TAMS 0x00000006eec00000, 0x00000006eec00000| Untracked 
| 908|0x00000006ef000000, 0x00000006ef000000, 0x00000006ef400000|  0%| F|  |TAMS 0x00000006ef000000, 0x00000006ef000000| Untracked 
| 909|0x00000006ef400000, 0x00000006ef400000, 0x00000006ef800000|  0%| F|  |TAMS 0x00000006ef400000, 0x00000006ef400000| Untracked 
| 910|0x00000006ef800000, 0x00000006ef800000, 0x00000006efc00000|  0%| F|  |TAMS 0x00000006ef800000, 0x00000006ef800000| Untracked 
| 911|0x00000006efc00000, 0x00000006efc00000, 0x00000006f0000000|  0%| F|  |TAMS 0x00000006efc00000, 0x00000006efc00000| Untracked 
| 912|0x00000006f0000000, 0x00000006f0000000, 0x00000006f0400000|  0%| F|  |TAMS 0x00000006f0000000, 0x00000006f0000000| Untracked 
| 913|0x00000006f0400000, 0x00000006f0400000, 0x00000006f0800000|  0%| F|  |TAMS 0x00000006f0400000, 0x00000006f0400000| Untracked 
| 914|0x00000006f0800000, 0x00000006f0800000, 0x00000006f0c00000|  0%| F|  |TAMS 0x00000006f0800000, 0x00000006f0800000| Untracked 
| 915|0x00000006f0c00000, 0x00000006f0c00000, 0x00000006f1000000|  0%| F|  |TAMS 0x00000006f0c00000, 0x00000006f0c00000| Untracked 
| 916|0x00000006f1000000, 0x00000006f1000000, 0x00000006f1400000|  0%| F|  |TAMS 0x00000006f1000000, 0x00000006f1000000| Untracked 
| 917|0x00000006f1400000, 0x00000006f1400000, 0x00000006f1800000|  0%| F|  |TAMS 0x00000006f1400000, 0x00000006f1400000| Untracked 
| 918|0x00000006f1800000, 0x00000006f1800000, 0x00000006f1c00000|  0%| F|  |TAMS 0x00000006f1800000, 0x00000006f1800000| Untracked 
| 919|0x00000006f1c00000, 0x00000006f1c00000, 0x00000006f2000000|  0%| F|  |TAMS 0x00000006f1c00000, 0x00000006f1c00000| Untracked 
| 920|0x00000006f2000000, 0x00000006f2000000, 0x00000006f2400000|  0%| F|  |TAMS 0x00000006f2000000, 0x00000006f2000000| Untracked 
| 921|0x00000006f2400000, 0x00000006f2400000, 0x00000006f2800000|  0%| F|  |TAMS 0x00000006f2400000, 0x00000006f2400000| Untracked 
| 922|0x00000006f2800000, 0x00000006f2800000, 0x00000006f2c00000|  0%| F|  |TAMS 0x00000006f2800000, 0x00000006f2800000| Untracked 
| 923|0x00000006f2c00000, 0x00000006f2c00000, 0x00000006f3000000|  0%| F|  |TAMS 0x00000006f2c00000, 0x00000006f2c00000| Untracked 
| 924|0x00000006f3000000, 0x00000006f3000000, 0x00000006f3400000|  0%| F|  |TAMS 0x00000006f3000000, 0x00000006f3000000| Untracked 
| 925|0x00000006f3400000, 0x00000006f3400000, 0x00000006f3800000|  0%| F|  |TAMS 0x00000006f3400000, 0x00000006f3400000| Untracked 
| 926|0x00000006f3800000, 0x00000006f3800000, 0x00000006f3c00000|  0%| F|  |TAMS 0x00000006f3800000, 0x00000006f3800000| Untracked 
| 927|0x00000006f3c00000, 0x00000006f3c00000, 0x00000006f4000000|  0%| F|  |TAMS 0x00000006f3c00000, 0x00000006f3c00000| Untracked 
| 928|0x00000006f4000000, 0x00000006f4000000, 0x00000006f4400000|  0%| F|  |TAMS 0x00000006f4000000, 0x00000006f4000000| Untracked 
| 929|0x00000006f4400000, 0x00000006f4400000, 0x00000006f4800000|  0%| F|  |TAMS 0x00000006f4400000, 0x00000006f4400000| Untracked 
| 930|0x00000006f4800000, 0x00000006f4800000, 0x00000006f4c00000|  0%| F|  |TAMS 0x00000006f4800000, 0x00000006f4800000| Untracked 
| 931|0x00000006f4c00000, 0x00000006f4c00000, 0x00000006f5000000|  0%| F|  |TAMS 0x00000006f4c00000, 0x00000006f4c00000| Untracked 
| 932|0x00000006f5000000, 0x00000006f5000000, 0x00000006f5400000|  0%| F|  |TAMS 0x00000006f5000000, 0x00000006f5000000| Untracked 
| 933|0x00000006f5400000, 0x00000006f5400000, 0x00000006f5800000|  0%| F|  |TAMS 0x00000006f5400000, 0x00000006f5400000| Untracked 
| 934|0x00000006f5800000, 0x00000006f5800000, 0x00000006f5c00000|  0%| F|  |TAMS 0x00000006f5800000, 0x00000006f5800000| Untracked 
| 935|0x00000006f5c00000, 0x00000006f5c00000, 0x00000006f6000000|  0%| F|  |TAMS 0x00000006f5c00000, 0x00000006f5c00000| Untracked 
| 936|0x00000006f6000000, 0x00000006f6000000, 0x00000006f6400000|  0%| F|  |TAMS 0x00000006f6000000, 0x00000006f6000000| Untracked 
| 937|0x00000006f6400000, 0x00000006f6400000, 0x00000006f6800000|  0%| F|  |TAMS 0x00000006f6400000, 0x00000006f6400000| Untracked 
| 938|0x00000006f6800000, 0x00000006f6800000, 0x00000006f6c00000|  0%| F|  |TAMS 0x00000006f6800000, 0x00000006f6800000| Untracked 
| 939|0x00000006f6c00000, 0x00000006f6c00000, 0x00000006f7000000|  0%| F|  |TAMS 0x00000006f6c00000, 0x00000006f6c00000| Untracked 
| 940|0x00000006f7000000, 0x00000006f7000000, 0x00000006f7400000|  0%| F|  |TAMS 0x00000006f7000000, 0x00000006f7000000| Untracked 
| 941|0x00000006f7400000, 0x00000006f7400000, 0x00000006f7800000|  0%| F|  |TAMS 0x00000006f7400000, 0x00000006f7400000| Untracked 
| 942|0x00000006f7800000, 0x00000006f7800000, 0x00000006f7c00000|  0%| F|  |TAMS 0x00000006f7800000, 0x00000006f7800000| Untracked 
| 943|0x00000006f7c00000, 0x00000006f7c00000, 0x00000006f8000000|  0%| F|  |TAMS 0x00000006f7c00000, 0x00000006f7c00000| Untracked 
| 944|0x00000006f8000000, 0x00000006f8000000, 0x00000006f8400000|  0%| F|  |TAMS 0x00000006f8000000, 0x00000006f8000000| Untracked 
| 945|0x00000006f8400000, 0x00000006f8400000, 0x00000006f8800000|  0%| F|  |TAMS 0x00000006f8400000, 0x00000006f8400000| Untracked 
| 946|0x00000006f8800000, 0x00000006f8800000, 0x00000006f8c00000|  0%| F|  |TAMS 0x00000006f8800000, 0x00000006f8800000| Untracked 
| 947|0x00000006f8c00000, 0x00000006f8c00000, 0x00000006f9000000|  0%| F|  |TAMS 0x00000006f8c00000, 0x00000006f8c00000| Untracked 
| 948|0x00000006f9000000, 0x00000006f9000000, 0x00000006f9400000|  0%| F|  |TAMS 0x00000006f9000000, 0x00000006f9000000| Untracked 
| 949|0x00000006f9400000, 0x00000006f9400000, 0x00000006f9800000|  0%| F|  |TAMS 0x00000006f9400000, 0x00000006f9400000| Untracked 
| 950|0x00000006f9800000, 0x00000006f9800000, 0x00000006f9c00000|  0%| F|  |TAMS 0x00000006f9800000, 0x00000006f9800000| Untracked 
| 951|0x00000006f9c00000, 0x00000006f9c00000, 0x00000006fa000000|  0%| F|  |TAMS 0x00000006f9c00000, 0x00000006f9c00000| Untracked 
| 952|0x00000006fa000000, 0x00000006fa000000, 0x00000006fa400000|  0%| F|  |TAMS 0x00000006fa000000, 0x00000006fa000000| Untracked 
| 953|0x00000006fa400000, 0x00000006fa400000, 0x00000006fa800000|  0%| F|  |TAMS 0x00000006fa400000, 0x00000006fa400000| Untracked 
| 954|0x00000006fa800000, 0x00000006fa800000, 0x00000006fac00000|  0%| F|  |TAMS 0x00000006fa800000, 0x00000006fa800000| Untracked 
| 955|0x00000006fac00000, 0x00000006fac00000, 0x00000006fb000000|  0%| F|  |TAMS 0x00000006fac00000, 0x00000006fac00000| Untracked 
| 956|0x00000006fb000000, 0x00000006fb000000, 0x00000006fb400000|  0%| F|  |TAMS 0x00000006fb000000, 0x00000006fb000000| Untracked 
| 957|0x00000006fb400000, 0x00000006fb400000, 0x00000006fb800000|  0%| F|  |TAMS 0x00000006fb400000, 0x00000006fb400000| Untracked 
| 958|0x00000006fb800000, 0x00000006fb800000, 0x00000006fbc00000|  0%| F|  |TAMS 0x00000006fb800000, 0x00000006fb800000| Untracked 
| 959|0x00000006fbc00000, 0x00000006fbc00000, 0x00000006fc000000|  0%| F|  |TAMS 0x00000006fbc00000, 0x00000006fbc00000| Untracked 
| 960|0x00000006fc000000, 0x00000006fc000000, 0x00000006fc400000|  0%| F|  |TAMS 0x00000006fc000000, 0x00000006fc000000| Untracked 
| 961|0x00000006fc400000, 0x00000006fc400000, 0x00000006fc800000|  0%| F|  |TAMS 0x00000006fc400000, 0x00000006fc400000| Untracked 
| 962|0x00000006fc800000, 0x00000006fc800000, 0x00000006fcc00000|  0%| F|  |TAMS 0x00000006fc800000, 0x00000006fc800000| Untracked 
| 963|0x00000006fcc00000, 0x00000006fcc00000, 0x00000006fd000000|  0%| F|  |TAMS 0x00000006fcc00000, 0x00000006fcc00000| Untracked 
| 964|0x00000006fd000000, 0x00000006fd000000, 0x00000006fd400000|  0%| F|  |TAMS 0x00000006fd000000, 0x00000006fd000000| Untracked 
| 965|0x00000006fd400000, 0x00000006fd400000, 0x00000006fd800000|  0%| F|  |TAMS 0x00000006fd400000, 0x00000006fd400000| Untracked 
| 966|0x00000006fd800000, 0x00000006fd800000, 0x00000006fdc00000|  0%| F|  |TAMS 0x00000006fd800000, 0x00000006fd800000| Untracked 
| 967|0x00000006fdc00000, 0x00000006fdc00000, 0x00000006fe000000|  0%| F|  |TAMS 0x00000006fdc00000, 0x00000006fdc00000| Untracked 
| 968|0x00000006fe000000, 0x00000006fe000000, 0x00000006fe400000|  0%| F|  |TAMS 0x00000006fe000000, 0x00000006fe000000| Untracked 
| 969|0x00000006fe400000, 0x00000006fe400000, 0x00000006fe800000|  0%| F|  |TAMS 0x00000006fe400000, 0x00000006fe400000| Untracked 
| 970|0x00000006fe800000, 0x00000006fe800000, 0x00000006fec00000|  0%| F|  |TAMS 0x00000006fe800000, 0x00000006fe800000| Untracked 
| 971|0x00000006fec00000, 0x00000006fec00000, 0x00000006ff000000|  0%| F|  |TAMS 0x00000006fec00000, 0x00000006fec00000| Untracked 
| 972|0x00000006ff000000, 0x00000006ff000000, 0x00000006ff400000|  0%| F|  |TAMS 0x00000006ff000000, 0x00000006ff000000| Untracked 
| 973|0x00000006ff400000, 0x00000006ff400000, 0x00000006ff800000|  0%| F|  |TAMS 0x00000006ff400000, 0x00000006ff400000| Untracked 
| 974|0x00000006ff800000, 0x00000006ff800000, 0x00000006ffc00000|  0%| F|  |TAMS 0x00000006ff800000, 0x00000006ff800000| Untracked 
| 975|0x00000006ffc00000, 0x00000006ffc00000, 0x0000000700000000|  0%| F|  |TAMS 0x00000006ffc00000, 0x00000006ffc00000| Untracked 
| 976|0x0000000700000000, 0x0000000700000000, 0x0000000700400000|  0%| F|  |TAMS 0x0000000700000000, 0x0000000700000000| Untracked 
| 977|0x0000000700400000, 0x0000000700400000, 0x0000000700800000|  0%| F|  |TAMS 0x0000000700400000, 0x0000000700400000| Untracked 
| 978|0x0000000700800000, 0x0000000700800000, 0x0000000700c00000|  0%| F|  |TAMS 0x0000000700800000, 0x0000000700800000| Untracked 
| 979|0x0000000700c00000, 0x0000000700c00000, 0x0000000701000000|  0%| F|  |TAMS 0x0000000700c00000, 0x0000000700c00000| Untracked 
| 980|0x0000000701000000, 0x0000000701000000, 0x0000000701400000|  0%| F|  |TAMS 0x0000000701000000, 0x0000000701000000| Untracked 
| 981|0x0000000701400000, 0x0000000701400000, 0x0000000701800000|  0%| F|  |TAMS 0x0000000701400000, 0x0000000701400000| Untracked 
| 982|0x0000000701800000, 0x0000000701800000, 0x0000000701c00000|  0%| F|  |TAMS 0x0000000701800000, 0x0000000701800000| Untracked 
| 983|0x0000000701c00000, 0x0000000701c00000, 0x0000000702000000|  0%| F|  |TAMS 0x0000000701c00000, 0x0000000701c00000| Untracked 
| 984|0x0000000702000000, 0x0000000702000000, 0x0000000702400000|  0%| F|  |TAMS 0x0000000702000000, 0x0000000702000000| Untracked 
| 985|0x0000000702400000, 0x0000000702400000, 0x0000000702800000|  0%| F|  |TAMS 0x0000000702400000, 0x0000000702400000| Untracked 
| 986|0x0000000702800000, 0x0000000702800000, 0x0000000702c00000|  0%| F|  |TAMS 0x0000000702800000, 0x0000000702800000| Untracked 
| 987|0x0000000702c00000, 0x0000000702c00000, 0x0000000703000000|  0%| F|  |TAMS 0x0000000702c00000, 0x0000000702c00000| Untracked 
| 988|0x0000000703000000, 0x0000000703000000, 0x0000000703400000|  0%| F|  |TAMS 0x0000000703000000, 0x0000000703000000| Untracked 
| 989|0x0000000703400000, 0x0000000703400000, 0x0000000703800000|  0%| F|  |TAMS 0x0000000703400000, 0x0000000703400000| Untracked 
| 990|0x0000000703800000, 0x0000000703800000, 0x0000000703c00000|  0%| F|  |TAMS 0x0000000703800000, 0x0000000703800000| Untracked 
| 991|0x0000000703c00000, 0x0000000703c00000, 0x0000000704000000|  0%| F|  |TAMS 0x0000000703c00000, 0x0000000703c00000| Untracked 
| 992|0x0000000704000000, 0x0000000704000000, 0x0000000704400000|  0%| F|  |TAMS 0x0000000704000000, 0x0000000704000000| Untracked 
| 993|0x0000000704400000, 0x0000000704400000, 0x0000000704800000|  0%| F|  |TAMS 0x0000000704400000, 0x0000000704400000| Untracked 
| 994|0x0000000704800000, 0x0000000704800000, 0x0000000704c00000|  0%| F|  |TAMS 0x0000000704800000, 0x0000000704800000| Untracked 
| 995|0x0000000704c00000, 0x0000000704c00000, 0x0000000705000000|  0%| F|  |TAMS 0x0000000704c00000, 0x0000000704c00000| Untracked 
| 996|0x0000000705000000, 0x0000000705000000, 0x0000000705400000|  0%| F|  |TAMS 0x0000000705000000, 0x0000000705000000| Untracked 
| 997|0x0000000705400000, 0x0000000705400000, 0x0000000705800000|  0%| F|  |TAMS 0x0000000705400000, 0x0000000705400000| Untracked 
| 998|0x0000000705800000, 0x0000000705800000, 0x0000000705c00000|  0%| F|  |TAMS 0x0000000705800000, 0x0000000705800000| Untracked 
| 999|0x0000000705c00000, 0x0000000705c00000, 0x0000000706000000|  0%| F|  |TAMS 0x0000000705c00000, 0x0000000705c00000| Untracked 
|1000|0x0000000706000000, 0x0000000706000000, 0x0000000706400000|  0%| F|  |TAMS 0x0000000706000000, 0x0000000706000000| Untracked 
|1001|0x0000000706400000, 0x0000000706400000, 0x0000000706800000|  0%| F|  |TAMS 0x0000000706400000, 0x0000000706400000| Untracked 
|1002|0x0000000706800000, 0x0000000706800000, 0x0000000706c00000|  0%| F|  |TAMS 0x0000000706800000, 0x0000000706800000| Untracked 
|1003|0x0000000706c00000, 0x0000000706c00000, 0x0000000707000000|  0%| F|  |TAMS 0x0000000706c00000, 0x0000000706c00000| Untracked 
|1004|0x0000000707000000, 0x0000000707000000, 0x0000000707400000|  0%| F|  |TAMS 0x0000000707000000, 0x0000000707000000| Untracked 
|1005|0x0000000707400000, 0x0000000707400000, 0x0000000707800000|  0%| F|  |TAMS 0x0000000707400000, 0x0000000707400000| Untracked 
|1006|0x0000000707800000, 0x0000000707800000, 0x0000000707c00000|  0%| F|  |TAMS 0x0000000707800000, 0x0000000707800000| Untracked 
|1007|0x0000000707c00000, 0x0000000707c00000, 0x0000000708000000|  0%| F|  |TAMS 0x0000000707c00000, 0x0000000707c00000| Untracked 
|1008|0x0000000708000000, 0x0000000708000000, 0x0000000708400000|  0%| F|  |TAMS 0x0000000708000000, 0x0000000708000000| Untracked 
|1009|0x0000000708400000, 0x0000000708400000, 0x0000000708800000|  0%| F|  |TAMS 0x0000000708400000, 0x0000000708400000| Untracked 
|1010|0x0000000708800000, 0x0000000708800000, 0x0000000708c00000|  0%| F|  |TAMS 0x0000000708800000, 0x0000000708800000| Untracked 
|1011|0x0000000708c00000, 0x0000000708c00000, 0x0000000709000000|  0%| F|  |TAMS 0x0000000708c00000, 0x0000000708c00000| Untracked 
|1012|0x0000000709000000, 0x0000000709000000, 0x0000000709400000|  0%| F|  |TAMS 0x0000000709000000, 0x0000000709000000| Untracked 
|1013|0x0000000709400000, 0x0000000709400000, 0x0000000709800000|  0%| F|  |TAMS 0x0000000709400000, 0x0000000709400000| Untracked 
|1014|0x0000000709800000, 0x0000000709800000, 0x0000000709c00000|  0%| F|  |TAMS 0x0000000709800000, 0x0000000709800000| Untracked 
|1015|0x0000000709c00000, 0x0000000709c00000, 0x000000070a000000|  0%| F|  |TAMS 0x0000000709c00000, 0x0000000709c00000| Untracked 
|1016|0x000000070a000000, 0x000000070a000000, 0x000000070a400000|  0%| F|  |TAMS 0x000000070a000000, 0x000000070a000000| Untracked 
|1017|0x000000070a400000, 0x000000070a400000, 0x000000070a800000|  0%| F|  |TAMS 0x000000070a400000, 0x000000070a400000| Untracked 
|1018|0x000000070a800000, 0x000000070a800000, 0x000000070ac00000|  0%| F|  |TAMS 0x000000070a800000, 0x000000070a800000| Untracked 
|1019|0x000000070ac00000, 0x000000070ac00000, 0x000000070b000000|  0%| F|  |TAMS 0x000000070ac00000, 0x000000070ac00000| Untracked 
|1020|0x000000070b000000, 0x000000070b000000, 0x000000070b400000|  0%| F|  |TAMS 0x000000070b000000, 0x000000070b000000| Untracked 
|1021|0x000000070b400000, 0x000000070b400000, 0x000000070b800000|  0%| F|  |TAMS 0x000000070b400000, 0x000000070b400000| Untracked 
|1022|0x000000070b800000, 0x000000070b800000, 0x000000070bc00000|  0%| F|  |TAMS 0x000000070b800000, 0x000000070b800000| Untracked 
|1023|0x000000070bc00000, 0x000000070bc00000, 0x000000070c000000|  0%| F|  |TAMS 0x000000070bc00000, 0x000000070bc00000| Untracked 
|1024|0x000000070c000000, 0x000000070c000000, 0x000000070c400000|  0%| F|  |TAMS 0x000000070c000000, 0x000000070c000000| Untracked 
|1025|0x000000070c400000, 0x000000070c400000, 0x000000070c800000|  0%| F|  |TAMS 0x000000070c400000, 0x000000070c400000| Untracked 
|1026|0x000000070c800000, 0x000000070c800000, 0x000000070cc00000|  0%| F|  |TAMS 0x000000070c800000, 0x000000070c800000| Untracked 
|1027|0x000000070cc00000, 0x000000070cc00000, 0x000000070d000000|  0%| F|  |TAMS 0x000000070cc00000, 0x000000070cc00000| Untracked 
|1028|0x000000070d000000, 0x000000070d000000, 0x000000070d400000|  0%| F|  |TAMS 0x000000070d000000, 0x000000070d000000| Untracked 
|1029|0x000000070d400000, 0x000000070d400000, 0x000000070d800000|  0%| F|  |TAMS 0x000000070d400000, 0x000000070d400000| Untracked 
|1030|0x000000070d800000, 0x000000070d800000, 0x000000070dc00000|  0%| F|  |TAMS 0x000000070d800000, 0x000000070d800000| Untracked 
|1031|0x000000070dc00000, 0x000000070dc00000, 0x000000070e000000|  0%| F|  |TAMS 0x000000070dc00000, 0x000000070dc00000| Untracked 
|1032|0x000000070e000000, 0x000000070e000000, 0x000000070e400000|  0%| F|  |TAMS 0x000000070e000000, 0x000000070e000000| Untracked 
|1033|0x000000070e400000, 0x000000070e400000, 0x000000070e800000|  0%| F|  |TAMS 0x000000070e400000, 0x000000070e400000| Untracked 
|1034|0x000000070e800000, 0x000000070e800000, 0x000000070ec00000|  0%| F|  |TAMS 0x000000070e800000, 0x000000070e800000| Untracked 
|1035|0x000000070ec00000, 0x000000070ec00000, 0x000000070f000000|  0%| F|  |TAMS 0x000000070ec00000, 0x000000070ec00000| Untracked 
|1036|0x000000070f000000, 0x000000070f000000, 0x000000070f400000|  0%| F|  |TAMS 0x000000070f000000, 0x000000070f000000| Untracked 
|1037|0x000000070f400000, 0x000000070f400000, 0x000000070f800000|  0%| F|  |TAMS 0x000000070f400000, 0x000000070f400000| Untracked 
|1038|0x000000070f800000, 0x000000070f800000, 0x000000070fc00000|  0%| F|  |TAMS 0x000000070f800000, 0x000000070f800000| Untracked 
|1039|0x000000070fc00000, 0x000000070fc00000, 0x0000000710000000|  0%| F|  |TAMS 0x000000070fc00000, 0x000000070fc00000| Untracked 
|1040|0x0000000710000000, 0x0000000710000000, 0x0000000710400000|  0%| F|  |TAMS 0x0000000710000000, 0x0000000710000000| Untracked 
|1041|0x0000000710400000, 0x0000000710400000, 0x0000000710800000|  0%| F|  |TAMS 0x0000000710400000, 0x0000000710400000| Untracked 
|1042|0x0000000710800000, 0x0000000710800000, 0x0000000710c00000|  0%| F|  |TAMS 0x0000000710800000, 0x0000000710800000| Untracked 
|1043|0x0000000710c00000, 0x0000000710c00000, 0x0000000711000000|  0%| F|  |TAMS 0x0000000710c00000, 0x0000000710c00000| Untracked 
|1044|0x0000000711000000, 0x0000000711000000, 0x0000000711400000|  0%| F|  |TAMS 0x0000000711000000, 0x0000000711000000| Untracked 
|1045|0x0000000711400000, 0x0000000711400000, 0x0000000711800000|  0%| F|  |TAMS 0x0000000711400000, 0x0000000711400000| Untracked 
|1046|0x0000000711800000, 0x0000000711800000, 0x0000000711c00000|  0%| F|  |TAMS 0x0000000711800000, 0x0000000711800000| Untracked 
|1047|0x0000000711c00000, 0x0000000711c00000, 0x0000000712000000|  0%| F|  |TAMS 0x0000000711c00000, 0x0000000711c00000| Untracked 
|1048|0x0000000712000000, 0x0000000712000000, 0x0000000712400000|  0%| F|  |TAMS 0x0000000712000000, 0x0000000712000000| Untracked 
|1049|0x0000000712400000, 0x0000000712400000, 0x0000000712800000|  0%| F|  |TAMS 0x0000000712400000, 0x0000000712400000| Untracked 
|1050|0x0000000712800000, 0x0000000712800000, 0x0000000712c00000|  0%| F|  |TAMS 0x0000000712800000, 0x0000000712800000| Untracked 
|1051|0x0000000712c00000, 0x0000000712c00000, 0x0000000713000000|  0%| F|  |TAMS 0x0000000712c00000, 0x0000000712c00000| Untracked 
|1052|0x0000000713000000, 0x0000000713000000, 0x0000000713400000|  0%| F|  |TAMS 0x0000000713000000, 0x0000000713000000| Untracked 
|1053|0x0000000713400000, 0x0000000713400000, 0x0000000713800000|  0%| F|  |TAMS 0x0000000713400000, 0x0000000713400000| Untracked 
|1054|0x0000000713800000, 0x0000000713800000, 0x0000000713c00000|  0%| F|  |TAMS 0x0000000713800000, 0x0000000713800000| Untracked 
|1055|0x0000000713c00000, 0x0000000713c00000, 0x0000000714000000|  0%| F|  |TAMS 0x0000000713c00000, 0x0000000713c00000| Untracked 
|1056|0x0000000714000000, 0x0000000714000000, 0x0000000714400000|  0%| F|  |TAMS 0x0000000714000000, 0x0000000714000000| Untracked 
|1057|0x0000000714400000, 0x0000000714400000, 0x0000000714800000|  0%| F|  |TAMS 0x0000000714400000, 0x0000000714400000| Untracked 
|1948|0x00000007f3000000, 0x00000007f3000000, 0x00000007f3400000|  0%| F|  |TAMS 0x00000007f3000000, 0x00000007f3000000| Untracked 
|1949|0x00000007f3400000, 0x00000007f3400000, 0x00000007f3800000|  0%| F|  |TAMS 0x00000007f3400000, 0x00000007f3400000| Untracked 
|1950|0x00000007f3800000, 0x00000007f3800000, 0x00000007f3c00000|  0%| F|  |TAMS 0x00000007f3800000, 0x00000007f3800000| Untracked 
|1951|0x00000007f3c00000, 0x00000007f3c00000, 0x00000007f4000000|  0%| F|  |TAMS 0x00000007f3c00000, 0x00000007f3c00000| Untracked 
|1952|0x00000007f4000000, 0x00000007f4000000, 0x00000007f4400000|  0%| F|  |TAMS 0x00000007f4000000, 0x00000007f4000000| Untracked 
|1953|0x00000007f4400000, 0x00000007f4400000, 0x00000007f4800000|  0%| F|  |TAMS 0x00000007f4400000, 0x00000007f4400000| Untracked 
|1954|0x00000007f4800000, 0x00000007f4800000, 0x00000007f4c00000|  0%| F|  |TAMS 0x00000007f4800000, 0x00000007f4800000| Untracked 
|1955|0x00000007f4c00000, 0x00000007f4c00000, 0x00000007f5000000|  0%| F|  |TAMS 0x00000007f4c00000, 0x00000007f4c00000| Untracked 
|1956|0x00000007f5000000, 0x00000007f5000000, 0x00000007f5400000|  0%| F|  |TAMS 0x00000007f5000000, 0x00000007f5000000| Untracked 
|1957|0x00000007f5400000, 0x00000007f5400000, 0x00000007f5800000|  0%| F|  |TAMS 0x00000007f5400000, 0x00000007f5400000| Untracked 
|1958|0x00000007f5800000, 0x00000007f5800000, 0x00000007f5c00000|  0%| F|  |TAMS 0x00000007f5800000, 0x00000007f5800000| Untracked 
|1959|0x00000007f5c00000, 0x00000007f5c00000, 0x00000007f6000000|  0%| F|  |TAMS 0x00000007f5c00000, 0x00000007f5c00000| Untracked 
|1960|0x00000007f6000000, 0x00000007f6000000, 0x00000007f6400000|  0%| F|  |TAMS 0x00000007f6000000, 0x00000007f6000000| Untracked 
|1961|0x00000007f6400000, 0x00000007f6400000, 0x00000007f6800000|  0%| F|  |TAMS 0x00000007f6400000, 0x00000007f6400000| Untracked 
|1962|0x00000007f6800000, 0x00000007f6800000, 0x00000007f6c00000|  0%| F|  |TAMS 0x00000007f6800000, 0x00000007f6800000| Untracked 
|1963|0x00000007f6c00000, 0x00000007f6c00000, 0x00000007f7000000|  0%| F|  |TAMS 0x00000007f6c00000, 0x00000007f6c00000| Untracked 
|1964|0x00000007f7000000, 0x00000007f7000000, 0x00000007f7400000|  0%| F|  |TAMS 0x00000007f7000000, 0x00000007f7000000| Untracked 
|1965|0x00000007f7400000, 0x00000007f7400000, 0x00000007f7800000|  0%| F|  |TAMS 0x00000007f7400000, 0x00000007f7400000| Untracked 
|1966|0x00000007f7800000, 0x00000007f7800000, 0x00000007f7c00000|  0%| F|  |TAMS 0x00000007f7800000, 0x00000007f7800000| Untracked 
|1967|0x00000007f7c00000, 0x00000007f7c00000, 0x00000007f8000000|  0%| F|  |TAMS 0x00000007f7c00000, 0x00000007f7c00000| Untracked 
|1968|0x00000007f8000000, 0x00000007f8000000, 0x00000007f8400000|  0%| F|  |TAMS 0x00000007f8000000, 0x00000007f8000000| Untracked 
|1969|0x00000007f8400000, 0x00000007f8400000, 0x00000007f8800000|  0%| F|  |TAMS 0x00000007f8400000, 0x00000007f8400000| Untracked 
|1970|0x00000007f8800000, 0x00000007f8800000, 0x00000007f8c00000|  0%| F|  |TAMS 0x00000007f8800000, 0x00000007f8800000| Untracked 
|1971|0x00000007f8c00000, 0x00000007f8c00000, 0x00000007f9000000|  0%| F|  |TAMS 0x00000007f8c00000, 0x00000007f8c00000| Untracked 
|1972|0x00000007f9000000, 0x00000007f9000000, 0x00000007f9400000|  0%| F|  |TAMS 0x00000007f9000000, 0x00000007f9000000| Untracked 
|1974|0x00000007f9800000, 0x00000007f9800000, 0x00000007f9c00000|  0%| F|  |TAMS 0x00000007f9800000, 0x00000007f9800000| Untracked 
|1975|0x00000007f9c00000, 0x00000007f9c00000, 0x00000007fa000000|  0%| F|  |TAMS 0x00000007f9c00000, 0x00000007f9c00000| Untracked 
|1976|0x00000007fa000000, 0x00000007fa000000, 0x00000007fa400000|  0%| F|  |TAMS 0x00000007fa000000, 0x00000007fa000000| Untracked 
|1978|0x00000007fa800000, 0x00000007fa800000, 0x00000007fac00000|  0%| F|  |TAMS 0x00000007fa800000, 0x00000007fa800000| Untracked 
|1988|0x00000007fd000000, 0x00000007fd000000, 0x00000007fd400000|  0%| F|  |TAMS 0x00000007fd000000, 0x00000007fd000000| Untracked 
|1989|0x00000007fd400000, 0x00000007fd400000, 0x00000007fd800000|  0%| F|  |TAMS 0x00000007fd400000, 0x00000007fd400000| Untracked 
|1990|0x00000007fd800000, 0x00000007fd800000, 0x00000007fdc00000|  0%| F|  |TAMS 0x00000007fd800000, 0x00000007fd800000| Untracked 
|1994|0x00000007fe800000, 0x00000007fe800000, 0x00000007fec00000|  0%| F|  |TAMS 0x00000007fe800000, 0x00000007fe800000| Untracked 
|1995|0x00000007fec00000, 0x00000007fec00000, 0x00000007ff000000|  0%| F|  |TAMS 0x00000007fec00000, 0x00000007fec00000| Untracked 
|1996|0x00000007ff000000, 0x00000007ff000000, 0x00000007ff400000|  0%| F|  |TAMS 0x00000007ff000000, 0x00000007ff000000| Untracked 
|1997|0x00000007ff400000, 0x00000007ff600000, 0x00000007ff800000| 50%| S|  |TAMS 0x00000007ff400000, 0x00000007ff400000| Complete 
|1998|0x00000007ff800000, 0x00000007ffc00000, 0x00000007ffc00000|100%| S|  |TAMS 0x00000007ff800000, 0x00000007ff800000| Complete 
|1999|0x00000007ffc00000, 0x0000000800000000, 0x0000000800000000|100%| E|CS|TAMS 0x00000007ffc00000, 0x00000007ffc00000| Complete 

Card table byte_map: [0x000000001aef0000,0x000000001be90000] _byte_map_base: 0x0000000017e90000

Marking Bits (Prev, Next): (CMBitMap*) 0x0000000002cf17b0, (CMBitMap*) 0x0000000002cf17f0
 Prev Bits: [0x000000001ce30000, 0x0000000024b30000)
 Next Bits: [0x0000000024b30000, 0x000000002c830000)

Polling page: 0x0000000000a50000

Metaspace:

Usage:
  Non-class:    326.40 MB used.
      Class:     49.85 MB used.
       Both:    376.24 MB used.

Virtual space:
  Non-class space:      328.00 MB reserved,     327.69 MB (>99%) committed,  41 nodes.
      Class space:        1.00 GB reserved,      51.12 MB (  5%) committed,  1 nodes.
             Both:        1.32 GB reserved,     378.81 MB ( 28%) committed. 

Chunk freelists:
   Non-Class:  176.00 KB
       Class:  958.00 KB
        Both:  1.11 MB

MaxMetaspaceSize: unlimited
CompressedClassSpaceSize: 1.00 GB
Initial GC threshold: 21.00 MB
Current GC threshold: 631.25 MB
CDS: on
MetaspaceReclaimPolicy: balanced
 - commit_granule_bytes: 65536.
 - commit_granule_words: 8192.
 - virtual_space_node_default_size: 1048576.
 - enlarge_chunks_in_place: 1.
 - new_chunks_are_fully_committed: 0.
 - uncommit_free_chunks: 1.
 - use_allocation_guard: 0.
 - handle_deallocations: 1.


Internal statistics:

num_allocs_failed_limit: 29.
num_arena_births: 4962.
num_arena_deaths: 502.
num_vsnodes_births: 42.
num_vsnodes_deaths: 0.
num_space_committed: 7160.
num_space_uncommitted: 1108.
num_chunks_returned_to_freelist: 3870.
num_chunks_taken_from_freelist: 24595.
num_chunk_merges: 1750.
num_chunk_splits: 16938.
num_chunks_enlarged: 11438.
num_purges: 16.
num_inconsistent_stats: 0.

CodeHeap 'non-profiled nmethods': size=119168Kb used=82088Kb max_used=82088Kb free=37079Kb
 bounds [0x0000000012050000, 0x0000000017080000, 0x00000000194b0000]
CodeHeap 'profiled nmethods': size=119104Kb used=98990Kb max_used=99326Kb free=20113Kb
 bounds [0x000000000ac00000, 0x0000000010d60000, 0x0000000012050000]
CodeHeap 'non-nmethods': size=7488Kb used=2642Kb max_used=3912Kb free=4845Kb
 bounds [0x000000000a4b0000, 0x000000000a890000, 0x000000000ac00000]
 total_blobs=55936 nmethods=54714 adapters=1127
 compilation: enabled
              stopped_count=0, restarted_count=0
 full_count=0

Compilation events (20 events):
Event: 3616.211 Thread 0x0000000033413560 nmethod 86827 0x0000000017075890 code [0x0000000017075a00, 0x0000000017075a78]
Event: 3616.212 Thread 0x0000000033413560 86829       4       com.android.tools.r8.graph.O::O (13 bytes)
Event: 3616.212 Thread 0x0000000033413560 nmethod 86829 0x0000000017075b90 code [0x0000000017075d00, 0x0000000017075d98]
Event: 3616.212 Thread 0x0000000033413560 86826       4       com.android.tools.r8.graph.F4::V (12 bytes)
Event: 3616.213 Thread 0x0000000033413560 nmethod 86826 0x0000000017075e90 code [0x0000000017076000, 0x0000000017076098]
Event: 3616.213 Thread 0x0000000033413560 86823       4       com.android.tools.r8.internal.hC$$Lambda$18222/0x0000000803edd9f8::accept (11 bytes)
Event: 3616.214 Thread 0x0000000033413560 nmethod 86823 0x0000000017076190 code [0x0000000017076300, 0x0000000017076398]
Event: 3616.214 Thread 0x0000000033413560 86824       4       com.android.tools.r8.dex.q::a (1 bytes)
Event: 3616.215 Thread 0x0000000033413560 nmethod 86824 0x0000000017076490 code [0x0000000017076600, 0x0000000017076678]
Event: 3616.215 Thread 0x0000000033413560 86830       4       com.android.tools.r8.graph.L4::h (12 bytes)
Event: 3616.216 Thread 0x0000000033413560 nmethod 86830 0x0000000017076790 code [0x0000000017076900, 0x00000000170769b8]
Event: 3616.216 Thread 0x0000000033413560 86818       4       com.android.tools.r8.graph.J0::a (5 bytes)
Event: 3616.216 Thread 0x0000000033413560 nmethod 86818 0x0000000017076a90 code [0x0000000017076c00, 0x0000000017076c78]
Event: 3616.216 Thread 0x0000000033413560 86734       4       com.android.tools.r8.internal.Hw::M1 (5 bytes)
Event: 3616.228 Thread 0x0000000033413560 nmethod 86734 0x0000000017076d90 code [0x0000000017076f00, 0x0000000017076f98]
Event: 3616.228 Thread 0x0000000033413560 86828       4       com.android.tools.r8.graph.x5::hashCode (8 bytes)
Event: 3616.229 Thread 0x0000000033413560 nmethod 86828 0x0000000017077090 code [0x0000000017077220, 0x00000000170772c8]
Event: 3616.229 Thread 0x0000000033413560 83233       4       com.android.tools.r8.internal.Q5::c (33 bytes)
Event: 3616.255 Thread 0x000000005f634530 86834       2       com.android.tools.r8.graph.C0::A1 (8 bytes)
Event: 3616.278 Thread 0x0000000031108090 86837       2       com.android.tools.r8.dex.code.P::a (18 bytes)

GC Heap History (20 events):
Event: 3596.389 GC heap before
{Heap before GC invocations=190 (full 0):
 garbage-first heap   total 2703360K, used 2052682K [0x000000060c000000, 0x0000000800000000)
  region size 4096K, 396 young (1622016K), 2 survivors (8192K)
 Metaspace       used 358664K, committed 361216K, reserved 1368064K
  class space    used 46301K, committed 47552K, reserved 1048576K
}
Event: 3596.394 GC heap after
{Heap after GC invocations=191 (full 0):
 garbage-first heap   total 2703360K, used 441747K [0x000000060c000000, 0x0000000800000000)
  region size 4096K, 3 young (12288K), 3 survivors (12288K)
 Metaspace       used 358664K, committed 361216K, reserved 1368064K
  class space    used 46301K, committed 47552K, reserved 1048576K
}
Event: 3601.443 GC heap before
{Heap before GC invocations=192 (full 0):
 garbage-first heap   total 2007040K, used 1899923K [0x000000060c000000, 0x0000000800000000)
  region size 4096K, 361 young (1478656K), 3 survivors (12288K)
 Metaspace       used 383435K, committed 385984K, reserved 1384448K
  class space    used 50891K, committed 52160K, reserved 1048576K
}
Event: 3601.491 GC heap after
{Heap after GC invocations=193 (full 0):
 garbage-first heap   total 2019328K, used 537959K [0x000000060c000000, 0x0000000800000000)
  region size 4096K, 26 young (106496K), 26 survivors (106496K)
 Metaspace       used 383435K, committed 385984K, reserved 1384448K
  class space    used 50891K, committed 52160K, reserved 1048576K
}
Event: 3601.496 GC heap before
{Heap before GC invocations=193 (full 0):
 garbage-first heap   total 2019328K, used 542055K [0x000000060c000000, 0x0000000800000000)
  region size 4096K, 27 young (110592K), 26 survivors (106496K)
 Metaspace       used 383436K, committed 385984K, reserved 1384448K
  class space    used 50891K, committed 52160K, reserved 1048576K
}
Event: 3601.537 GC heap after
{Heap after GC invocations=194 (full 0):
 garbage-first heap   total 2019328K, used 510714K [0x000000060c000000, 0x0000000800000000)
  region size 4096K, 3 young (12288K), 3 survivors (12288K)
 Metaspace       used 383436K, committed 385984K, reserved 1384448K
  class space    used 50891K, committed 52160K, reserved 1048576K
}
Event: 3602.923 GC heap before
{Heap before GC invocations=194 (full 0):
 garbage-first heap   total 2019328K, used 1628922K [0x000000060c000000, 0x0000000800000000)
  region size 4096K, 276 young (1130496K), 3 survivors (12288K)
 Metaspace       used 384436K, committed 387008K, reserved 1384448K
  class space    used 50995K, committed 52288K, reserved 1048576K
}
Event: 3602.937 GC heap after
{Heap after GC invocations=195 (full 0):
 garbage-first heap   total 2019328K, used 523987K [0x000000060c000000, 0x0000000800000000)
  region size 4096K, 6 young (24576K), 6 survivors (24576K)
 Metaspace       used 384436K, committed 387008K, reserved 1384448K
  class space    used 50995K, committed 52288K, reserved 1048576K
}
Event: 3604.136 GC heap before
{Heap before GC invocations=196 (full 0):
 garbage-first heap   total 2019328K, used 1646291K [0x000000060c000000, 0x0000000800000000)
  region size 4096K, 281 young (1150976K), 6 survivors (24576K)
 Metaspace       used 384471K, committed 387072K, reserved 1384448K
  class space    used 50998K, committed 52288K, reserved 1048576K
}
Event: 3604.163 GC heap after
{Heap after GC invocations=197 (full 0):
 garbage-first heap   total 2019328K, used 616262K [0x000000060c000000, 0x0000000800000000)
  region size 4096K, 29 young (118784K), 29 survivors (118784K)
 Metaspace       used 384471K, committed 387072K, reserved 1384448K
  class space    used 50998K, committed 52288K, reserved 1048576K
}
Event: 3604.169 GC heap before
{Heap before GC invocations=197 (full 0):
 garbage-first heap   total 2019328K, used 620358K [0x000000060c000000, 0x0000000800000000)
  region size 4096K, 30 young (122880K), 29 survivors (118784K)
 Metaspace       used 384471K, committed 387072K, reserved 1384448K
  class space    used 50998K, committed 52288K, reserved 1048576K
}
Event: 3604.218 GC heap after
{Heap after GC invocations=198 (full 0):
 garbage-first heap   total 4489216K, used 600501K [0x000000060c000000, 0x0000000800000000)
  region size 4096K, 3 young (12288K), 3 survivors (12288K)
 Metaspace       used 384471K, committed 387072K, reserved 1384448K
  class space    used 50998K, committed 52288K, reserved 1048576K
}
Event: 3607.701 GC heap before
{Heap before GC invocations=198 (full 0):
 garbage-first heap   total 4489216K, used 3275189K [0x000000060c000000, 0x0000000800000000)
  region size 4096K, 657 young (2691072K), 3 survivors (12288K)
 Metaspace       used 384684K, committed 387264K, reserved 1384448K
  class space    used 51013K, committed 52288K, reserved 1048576K
}
Event: 3607.905 GC heap after
{Heap after GC invocations=199 (full 0):
 garbage-first heap   total 4489216K, used 739275K [0x000000060c000000, 0x0000000800000000)
  region size 4096K, 37 young (151552K), 37 survivors (151552K)
 Metaspace       used 384684K, committed 387264K, reserved 1384448K
  class space    used 51013K, committed 52288K, reserved 1048576K
}
Event: 3611.181 GC heap before
{Heap before GC invocations=200 (full 0):
 garbage-first heap   total 4489216K, used 3274699K [0x000000060c000000, 0x0000000800000000)
  region size 4096K, 657 young (2691072K), 37 survivors (151552K)
 Metaspace       used 384921K, committed 387456K, reserved 1384448K
  class space    used 51029K, committed 52288K, reserved 1048576K
}
Event: 3611.292 GC heap after
{Heap after GC invocations=201 (full 0):
 garbage-first heap   total 4489216K, used 888766K [0x000000060c000000, 0x0000000800000000)
  region size 4096K, 74 young (303104K), 74 survivors (303104K)
 Metaspace       used 384921K, committed 387456K, reserved 1384448K
  class space    used 51029K, committed 52288K, reserved 1048576K
}
Event: 3611.305 GC heap before
{Heap before GC invocations=201 (full 0):
 garbage-first heap   total 4489216K, used 892862K [0x000000060c000000, 0x0000000800000000)
  region size 4096K, 75 young (307200K), 74 survivors (303104K)
 Metaspace       used 384921K, committed 387456K, reserved 1384448K
  class space    used 51029K, committed 52288K, reserved 1048576K
}
Event: 3611.613 GC heap after
{Heap after GC invocations=202 (full 0):
 garbage-first heap   total 4489216K, used 888192K [0x000000060c000000, 0x0000000800000000)
  region size 4096K, 7 young (28672K), 7 survivors (28672K)
 Metaspace       used 384921K, committed 387456K, reserved 1384448K
  class space    used 51029K, committed 52288K, reserved 1048576K
}
Event: 3613.778 GC heap before
{Heap before GC invocations=202 (full 0):
 garbage-first heap   total 4489216K, used 3546496K [0x000000060c000000, 0x0000000800000000)
  region size 4096K, 657 young (2691072K), 7 survivors (28672K)
 Metaspace       used 385220K, committed 387840K, reserved 1384448K
  class space    used 51039K, committed 52352K, reserved 1048576K
}
Event: 3613.849 GC heap after
{Heap after GC invocations=203 (full 0):
 garbage-first heap   total 4489216K, used 1031999K [0x000000060c000000, 0x0000000800000000)
  region size 4096K, 42 young (172032K), 42 survivors (172032K)
 Metaspace       used 385220K, committed 387840K, reserved 1384448K
  class space    used 51039K, committed 52352K, reserved 1048576K
}

Deoptimization events (20 events):
Event: 3617.231 Thread 0x000000004eccf400 DEOPT UNPACKING pc=0x000000000a502b43 sp=0x00000000571fa988 mode 0
Event: 3617.231 Thread 0x00000000763840d0 DEOPT UNPACKING pc=0x000000000a502b43 sp=0x0000000055afa338 mode 0
Event: 3617.231 Thread 0x0000000076380be0 DEOPT PACKING pc=0x000000001074f07d sp=0x0000000055dfb2b0
Event: 3617.231 Thread 0x000000003c0aeba0 DEOPT PACKING pc=0x0000000010bce7d4 sp=0x0000000040afa9d0
Event: 3617.231 Thread 0x0000000076380be0 DEOPT UNPACKING pc=0x000000000a502b43 sp=0x0000000055dfa978 mode 0
Event: 3617.231 Thread 0x000000007637ef00 DEOPT PACKING pc=0x00000000108b2a2e sp=0x00000000541cb200
Event: 3617.231 Thread 0x000000003c0aeba0 DEOPT UNPACKING pc=0x000000000a502b43 sp=0x0000000040af9fe8 mode 0
Event: 3617.231 Thread 0x000000007637f8a0 DEOPT PACKING pc=0x000000001075049a sp=0x00000000546cb2b0
Event: 3617.231 Thread 0x000000007637ef00 DEOPT UNPACKING pc=0x000000000a502b43 sp=0x00000000541ca7a0 mode 0
Event: 3617.231 Thread 0x000000007637f8a0 DEOPT UNPACKING pc=0x000000000a502b43 sp=0x00000000546ca978 mode 0
Event: 3617.231 Thread 0x0000000076384f40 DEOPT PACKING pc=0x00000000107cc643 sp=0x0000000055ffb5f0
Event: 3617.231 Thread 0x0000000076385db0 DEOPT PACKING pc=0x0000000010bce750 sp=0x00000000564fa910
Event: 3617.231 Thread 0x0000000076384f40 DEOPT UNPACKING pc=0x000000000a502b43 sp=0x0000000055ffaba0 mode 0
Event: 3617.231 Thread 0x0000000076385db0 DEOPT UNPACKING pc=0x000000000a502b43 sp=0x00000000564f9f28 mode 0
Event: 3617.231 Thread 0x000000004ecd0270 DEOPT PACKING pc=0x000000001075049a sp=0x00000000572fb2b0
Event: 3617.231 Thread 0x000000004ecd0270 DEOPT UNPACKING pc=0x000000000a502b43 sp=0x00000000572fa978 mode 0
Event: 3617.231 Thread 0x000000004eccef30 DEOPT PACKING pc=0x000000001075049a sp=0x00000000566fb2b0
Event: 3617.231 Thread 0x0000000076383730 DEOPT PACKING pc=0x000000001075a3b3 sp=0x0000000055cfb2b0
Event: 3617.231 Thread 0x0000000076383730 DEOPT UNPACKING pc=0x000000000a502b43 sp=0x0000000055cfa7b0 mode 0
Event: 3617.231 Thread 0x000000004eccef30 DEOPT UNPACKING pc=0x000000000a502b43 sp=0x00000000566fa978 mode 0

Classes unloaded (20 events):
Event: 1963.216 Thread 0x000000002fbca940 Unloading class 0x00000008035cf100 'kotlin/jvm/functions/Function0'
Event: 1963.216 Thread 0x000000002fbca940 Unloading class 0x00000008035ceec0 'dagger/spi/shaded/androidx/room/compiler/processing/javac/JavacBasicAnnotationProcessor$2'
Event: 1963.216 Thread 0x000000002fbca940 Unloading class 0x00000008035ceca0 'kotlin/jvm/internal/Lambda'
Event: 1963.216 Thread 0x000000002fbca940 Unloading class 0x00000008035ceaa8 'kotlin/jvm/internal/FunctionBase'
Event: 1963.216 Thread 0x000000002fbca940 Unloading class 0x00000008035ce8b0 'kotlin/jvm/functions/Function1'
Event: 1963.216 Thread 0x000000002fbca940 Unloading class 0x00000008035ce6b8 'kotlin/Function'
Event: 1963.216 Thread 0x000000002fbca940 Unloading class 0x00000008035ce460 'kotlin/UninitializedPropertyAccessException'
Event: 1963.216 Thread 0x000000002fbca940 Unloading class 0x00000008035ce200 'kotlin/KotlinNullPointerException'
Event: 1963.216 Thread 0x000000002fbca940 Unloading class 0x00000008035ce000 'kotlin/jvm/internal/Intrinsics'
Event: 1963.216 Thread 0x000000002fbca940 Unloading class 0x00000008035cdd00 'dagger/spi/shaded/androidx/room/compiler/processing/XProcessingEnvConfig$Companion'
Event: 1963.216 Thread 0x000000002fbca940 Unloading class 0x00000008035cdb00 'dagger/spi/shaded/androidx/room/compiler/processing/XProcessingEnvConfig'
Event: 1963.216 Thread 0x000000002fbca940 Unloading class 0x00000008035cd8f8 'dagger/spi/shaded/androidx/room/compiler/processing/XProcessingEnvConfig$Builder'
Event: 1963.216 Thread 0x000000002fbca940 Unloading class 0x00000008035cd6f8 'dagger/hilt/processor/internal/HiltProcessingEnvConfigs'
Event: 1963.216 Thread 0x000000002fbca940 Unloading class 0x00000008035cd478 'dagger/hilt/processor/internal/uninstallmodules/UninstallModulesProcessingStep'
Event: 1963.216 Thread 0x000000002fbca940 Unloading class 0x00000008035cd1f8 'dagger/hilt/processor/internal/BaseProcessingStep'
Event: 1963.216 Thread 0x000000002fbca940 Unloading class 0x00000008035cd000 'dagger/spi/shaded/androidx/room/compiler/processing/XProcessingStep'
Event: 1963.216 Thread 0x000000002fbca940 Unloading class 0x00000008035cc400 'dagger/hilt/processor/internal/uninstallmodules/UninstallModulesProcessor'
Event: 1963.216 Thread 0x000000002fbca940 Unloading class 0x00000008035cccd0 'dagger/hilt/processor/internal/JavacBaseProcessingStepProcessor'
Event: 1963.216 Thread 0x000000002fbca940 Unloading class 0x00000008035cc9f8 'dagger/spi/shaded/androidx/room/compiler/processing/javac/JavacBasicAnnotationProcessor'
Event: 1963.216 Thread 0x000000002fbca940 Unloading class 0x00000008035cc800 'dagger/spi/shaded/androidx/room/compiler/processing/XBasicAnnotationProcessor'

Classes redefined (0 events):
No events

Internal exceptions (20 events):
Event: 3611.893 Thread 0x0000000076384a70 Exception <a 'sun/nio/fs/WindowsException'{0x000000070cdcde88}> (0x000000070cdcde88) 
thrown [t:\workspace\open\src\hotspot\share\prims\jni.cpp, line 516]
Event: 3611.997 Thread 0x000000004ecd1f50 Exception <a 'sun/nio/fs/WindowsException'{0x00000007096aa108}> (0x00000007096aa108) 
thrown [t:\workspace\open\src\hotspot\share\prims\jni.cpp, line 516]
Event: 3612.415 Thread 0x0000000076385410 Exception <a 'sun/nio/fs/WindowsException'{0x00000006dfd60150}> (0x00000006dfd60150) 
thrown [t:\workspace\open\src\hotspot\share\prims\jni.cpp, line 516]
Event: 3612.420 Thread 0x0000000076384a70 Exception <a 'sun/nio/fs/WindowsException'{0x00000006def9e3e8}> (0x00000006def9e3e8) 
thrown [t:\workspace\open\src\hotspot\share\prims\jni.cpp, line 516]
Event: 3612.452 Thread 0x000000007637f8a0 Exception <a 'sun/nio/fs/WindowsException'{0x00000006ddbe12e0}> (0x00000006ddbe12e0) 
thrown [t:\workspace\open\src\hotspot\share\prims\jni.cpp, line 516]
Event: 3612.459 Thread 0x0000000076385410 Exception <a 'sun/nio/fs/WindowsException'{0x00000006dbe881c8}> (0x00000006dbe881c8) 
thrown [t:\workspace\open\src\hotspot\share\prims\jni.cpp, line 516]
Event: 3612.467 Thread 0x0000000076384a70 Exception <a 'sun/nio/fs/WindowsException'{0x00000006dc1628a8}> (0x00000006dc1628a8) 
thrown [t:\workspace\open\src\hotspot\share\prims\jni.cpp, line 516]
Event: 3612.468 Thread 0x0000000076385410 Exception <a 'sun/nio/fs/WindowsException'{0x00000006dbf83a28}> (0x00000006dbf83a28) 
thrown [t:\workspace\open\src\hotspot\share\prims\jni.cpp, line 516]
Event: 3612.497 Thread 0x000000007637f8a0 Exception <a 'sun/nio/fs/WindowsException'{0x00000006da68f8f8}> (0x00000006da68f8f8) 
thrown [t:\workspace\open\src\hotspot\share\prims\jni.cpp, line 516]
Event: 3612.518 Thread 0x0000000076385410 Exception <a 'sun/nio/fs/WindowsException'{0x00000006d84e5910}> (0x00000006d84e5910) 
thrown [t:\workspace\open\src\hotspot\share\prims\jni.cpp, line 516]
Event: 3612.574 Thread 0x00000000792ad330 Exception <a 'sun/nio/fs/WindowsException'{0x00000006e3d48140}> (0x00000006e3d48140) 
thrown [t:\workspace\open\src\hotspot\share\prims\jni.cpp, line 516]
Event: 3612.816 Thread 0x0000000076385410 Exception <a 'sun/nio/fs/WindowsException'{0x00000006c2771f78}> (0x00000006c2771f78) 
thrown [t:\workspace\open\src\hotspot\share\prims\jni.cpp, line 516]
Event: 3612.847 Thread 0x000000007637f8a0 Exception <a 'sun/nio/fs/WindowsException'{0x00000006bec15440}> (0x00000006bec15440) 
thrown [t:\workspace\open\src\hotspot\share\prims\jni.cpp, line 516]
Event: 3612.963 Thread 0x00000000792ae1a0 Exception <a 'sun/nio/fs/WindowsException'{0x00000006c66a8690}> (0x00000006c66a8690) 
thrown [t:\workspace\open\src\hotspot\share\prims\jni.cpp, line 516]
Event: 3613.045 Thread 0x000000007637f8a0 Exception <a 'sun/nio/fs/WindowsException'{0x00000006afc71eb0}> (0x00000006afc71eb0) 
thrown [t:\workspace\open\src\hotspot\share\prims\jni.cpp, line 516]
Event: 3613.065 Thread 0x0000000076384a70 Exception <a 'sun/nio/fs/WindowsException'{0x00000006b037e168}> (0x00000006b037e168) 
thrown [t:\workspace\open\src\hotspot\share\prims\jni.cpp, line 516]
Event: 3613.434 Thread 0x000000004ecd1f50 Exception <a 'sun/nio/fs/WindowsException'{0x0000000692cdfcd8}> (0x0000000692cdfcd8) 
thrown [t:\workspace\open\src\hotspot\share\prims\jni.cpp, line 516]
Event: 3616.214 Thread 0x0000000076384f40 Exception <a 'sun/nio/fs/WindowsException'{0x0000000699e951f8}> (0x0000000699e951f8) 
thrown [t:\workspace\open\src\hotspot\share\prims\jni.cpp, line 516]
Event: 3616.290 Thread 0x0000000076384f40 Exception <a 'sun/nio/fs/WindowsException'{0x0000000699fa29d0}> (0x0000000699fa29d0) 
thrown [t:\workspace\open\src\hotspot\share\prims\jni.cpp, line 516]
Event: 3616.395 Thread 0x0000000076386750 Exception <a 'sun/nio/fs/WindowsException'{0x0000000690c47168}> (0x0000000690c47168) 
thrown [t:\workspace\open\src\hotspot\share\prims\jni.cpp, line 516]

VM Operations (20 events):
Event: 3612.663 Executing VM operation: ICBufferFull
Event: 3612.664 Executing VM operation: ICBufferFull done
Event: 3612.672 Executing VM operation: ICBufferFull
Event: 3612.681 Executing VM operation: ICBufferFull done
Event: 3613.369 Executing VM operation: ICBufferFull
Event: 3613.385 Executing VM operation: ICBufferFull done
Event: 3613.434 Executing VM operation: HandshakeAllThreads
Event: 3613.464 Executing VM operation: HandshakeAllThreads done
Event: 3613.778 Executing VM operation: G1CollectForAllocation
Event: 3613.852 Executing VM operation: G1CollectForAllocation done
Event: 3614.416 Executing VM operation: G1Concurrent
Event: 3614.461 Executing VM operation: G1Concurrent done
Event: 3614.720 Executing VM operation: HandshakeAllThreads
Event: 3614.803 Executing VM operation: HandshakeAllThreads done
Event: 3614.803 Executing VM operation: G1Concurrent
Event: 3614.806 Executing VM operation: G1Concurrent done
Event: 3615.318 Executing VM operation: HandshakeAllThreads
Event: 3615.389 Executing VM operation: HandshakeAllThreads done
Event: 3615.450 Executing VM operation: ICBufferFull
Event: 3615.591 Executing VM operation: ICBufferFull done

Events (20 events):
Event: 3613.646 Thread 0x0000000031108990 flushing nmethod 0x0000000010a74c90
Event: 3613.646 Thread 0x0000000031108990 flushing nmethod 0x0000000010b02590
Event: 3613.649 Thread 0x0000000031108990 flushing nmethod 0x0000000010cf2b90
Event: 3613.649 Thread 0x0000000031108990 flushing nmethod 0x0000000010d1c190
Event: 3614.870 Thread 0x0000000031108990 flushing nmethod 0x0000000016a32910
Event: 3614.873 Thread 0x0000000031108990 flushing nmethod 0x0000000016d93c90
Event: 3614.873 Thread 0x0000000031108990 flushing nmethod 0x0000000016dfdb10
Event: 3614.926 Thread 0x0000000031108990 flushing nmethod 0x000000000d421d10
Event: 3614.930 Thread 0x0000000031108990 flushing nmethod 0x000000000d6c9f10
Event: 3614.989 Thread 0x0000000031108990 flushing nmethod 0x000000000fe67590
Event: 3614.997 Thread 0x0000000031108990 flushing nmethod 0x00000000102ed590
Event: 3615.002 Thread 0x0000000031108990 flushing nmethod 0x0000000010532b10
Event: 3615.004 Thread 0x0000000031108990 flushing nmethod 0x0000000010758710
Event: 3615.004 Thread 0x0000000031108990 flushing nmethod 0x00000000107b4110
Event: 3615.004 Thread 0x0000000031108990 flushing nmethod 0x00000000107e1590
Event: 3615.009 Thread 0x0000000031108990 flushing nmethod 0x0000000010935890
Event: 3615.014 Thread 0x0000000031108990 flushing nmethod 0x0000000010b4aa10
Event: 3615.014 Thread 0x0000000031108990 flushing nmethod 0x0000000010b59910
Event: 3615.015 Thread 0x0000000031108990 flushing nmethod 0x0000000010bd2610
Event: 3615.017 Thread 0x0000000031108990 flushing nmethod 0x0000000010d35b90


Dynamic libraries:
0x00007ff74d0e0000 - 0x00007ff74d0ee000 	D:\Doc\GitHub\site_androidApplication\jdk_dist\jdk-17.0.2\bin\java.exe
0x00007ffe7fb00000 - 0x00007ffe7fd68000 	C:\WINDOWS\SYSTEM32\ntdll.dll
0x00007ffe7f110000 - 0x00007ffe7f1d9000 	C:\WINDOWS\System32\KERNEL32.DLL
0x00007ffe7d4a0000 - 0x00007ffe7d891000 	C:\WINDOWS\System32\KERNELBASE.dll
0x00007ffe7c790000 - 0x00007ffe7c8db000 	C:\WINDOWS\System32\ucrtbase.dll
0x00007ffe5d9f0000 - 0x00007ffe5da08000 	D:\Doc\GitHub\site_androidApplication\jdk_dist\jdk-17.0.2\bin\jli.dll
0x00007ffe5d9d0000 - 0x00007ffe5d9ea000 	D:\Doc\GitHub\site_androidApplication\jdk_dist\jdk-17.0.2\bin\VCRUNTIME140.dll
0x00007ffe7f460000 - 0x00007ffe7f626000 	C:\WINDOWS\System32\USER32.dll
0x00007ffe7c620000 - 0x00007ffe7c647000 	C:\WINDOWS\System32\win32u.dll
0x00007ffe5be20000 - 0x00007ffe5c0b3000 	C:\WINDOWS\WinSxS\amd64_microsoft.windows.common-controls_6595b64144ccf1df_6.0.26100.7705_none_3e06597ae3363b04\COMCTL32.dll
0x00007ffe7e5e0000 - 0x00007ffe7e60b000 	C:\WINDOWS\System32\GDI32.dll
0x00007ffe7f050000 - 0x00007ffe7f0f9000 	C:\WINDOWS\System32\msvcrt.dll
0x00007ffe7d370000 - 0x00007ffe7d49b000 	C:\WINDOWS\System32\gdi32full.dll
0x00007ffe7c6e0000 - 0x00007ffe7c783000 	C:\WINDOWS\System32\msvcp_win.dll
0x00007ffe7f010000 - 0x00007ffe7f041000 	C:\WINDOWS\System32\IMM32.DLL
0x00007ffe6e910000 - 0x00007ffe6e91c000 	D:\Doc\GitHub\site_androidApplication\jdk_dist\jdk-17.0.2\bin\vcruntime140_1.dll
0x00007ffe261c0000 - 0x00007ffe2624d000 	D:\Doc\GitHub\site_androidApplication\jdk_dist\jdk-17.0.2\bin\msvcp140.dll
0x00007ffda6d00000 - 0x00007ffda78c1000 	D:\Doc\GitHub\site_androidApplication\jdk_dist\jdk-17.0.2\bin\server\jvm.dll
0x00007ffe7e520000 - 0x00007ffe7e5d4000 	C:\WINDOWS\System32\ADVAPI32.dll
0x00007ffe7e800000 - 0x00007ffe7e8a6000 	C:\WINDOWS\System32\sechost.dll
0x00007ffe7f1f0000 - 0x00007ffe7f308000 	C:\WINDOWS\System32\RPCRT4.dll
0x00007ffe7f1e0000 - 0x00007ffe7f1e8000 	C:\WINDOWS\System32\PSAPI.DLL
0x00007ffe5bd80000 - 0x00007ffe5bd8a000 	C:\WINDOWS\SYSTEM32\WSOCK32.dll
0x00007ffe6dc80000 - 0x00007ffe6dc8b000 	C:\WINDOWS\SYSTEM32\VERSION.dll
0x00007ffe70aa0000 - 0x00007ffe70ad5000 	C:\WINDOWS\SYSTEM32\WINMM.dll
0x00007ffe7e610000 - 0x00007ffe7e684000 	C:\WINDOWS\System32\WS2_32.dll
0x00007ffe7b150000 - 0x00007ffe7b16b000 	C:\WINDOWS\SYSTEM32\kernel.appcore.dll
0x00007ffe64730000 - 0x00007ffe6473a000 	D:\Doc\GitHub\site_androidApplication\jdk_dist\jdk-17.0.2\bin\jimage.dll
0x00007ffe7a1c0000 - 0x00007ffe7a402000 	C:\WINDOWS\SYSTEM32\DBGHELP.DLL
0x00007ffe7f630000 - 0x00007ffe7f9b6000 	C:\WINDOWS\System32\combase.dll
0x00007ffe7e440000 - 0x00007ffe7e517000 	C:\WINDOWS\System32\OLEAUT32.dll
0x00007ffe5c800000 - 0x00007ffe5c83b000 	C:\WINDOWS\SYSTEM32\dbgcore.DLL
0x00007ffe7d150000 - 0x00007ffe7d1f5000 	C:\WINDOWS\System32\bcryptPrimitives.dll
0x00007ffe636c0000 - 0x00007ffe636ce000 	D:\Doc\GitHub\site_androidApplication\jdk_dist\jdk-17.0.2\bin\instrument.dll
0x00007ffe5d9a0000 - 0x00007ffe5d9c5000 	D:\Doc\GitHub\site_androidApplication\jdk_dist\jdk-17.0.2\bin\java.dll
0x00007ffdf0bb0000 - 0x00007ffdf0c86000 	D:\Doc\GitHub\site_androidApplication\jdk_dist\jdk-17.0.2\bin\jsvml.dll
0x00007ffe7e8b0000 - 0x00007ffe7f001000 	C:\WINDOWS\System32\SHELL32.dll
0x00007ffe7d200000 - 0x00007ffe7d36a000 	C:\WINDOWS\System32\wintypes.dll
0x00007ffe7c8e0000 - 0x00007ffe7d142000 	C:\WINDOWS\System32\windows.storage.dll
0x00007ffe7d8a0000 - 0x00007ffe7d996000 	C:\WINDOWS\System32\SHCORE.dll
0x00007ffe7d9b0000 - 0x00007ffe7da17000 	C:\WINDOWS\System32\shlwapi.dll
0x00007ffe7c2c0000 - 0x00007ffe7c2e9000 	C:\WINDOWS\SYSTEM32\profapi.dll
0x00007ffe5d980000 - 0x00007ffe5d998000 	D:\Doc\GitHub\site_androidApplication\jdk_dist\jdk-17.0.2\bin\zip.dll
0x00007ffe5d960000 - 0x00007ffe5d979000 	D:\Doc\GitHub\site_androidApplication\jdk_dist\jdk-17.0.2\bin\net.dll
0x00007ffe74330000 - 0x00007ffe74457000 	C:\WINDOWS\SYSTEM32\WINHTTP.dll
0x00007ffe7b6c0000 - 0x00007ffe7b72b000 	C:\WINDOWS\system32\mswsock.dll
0x00007ffe4e260000 - 0x00007ffe4e276000 	D:\Doc\GitHub\site_androidApplication\jdk_dist\jdk-17.0.2\bin\nio.dll
0x00007ffe5dfe0000 - 0x00007ffe5dff0000 	D:\Doc\GitHub\site_androidApplication\jdk_dist\jdk-17.0.2\bin\verify.dll
0x00007ffe482b0000 - 0x00007ffe482d7000 	C:\Users\chen\.gradle\native\c067742578af261105cb4f569cf0c3c89f3d7b1fecec35dd04571415982c5e48\windows-amd64\native-platform.dll
0x00007ffdf0a60000 - 0x00007ffdf0ba4000 	C:\Users\chen\.gradle\native\38dada09dfb8b06ba9b0570ebf7e218e3eb74d4ef43ca46872605cf95ebc2f47\windows-amd64\native-platform-file-events.dll
0x00007ffe5d8c0000 - 0x00007ffe5d8c9000 	D:\Doc\GitHub\site_androidApplication\jdk_dist\jdk-17.0.2\bin\management.dll
0x00007ffe5d780000 - 0x00007ffe5d78b000 	D:\Doc\GitHub\site_androidApplication\jdk_dist\jdk-17.0.2\bin\management_ext.dll
0x00007ffe7b980000 - 0x00007ffe7b99b000 	C:\WINDOWS\SYSTEM32\CRYPTSP.dll
0x00007ffe7b0b0000 - 0x00007ffe7b0e9000 	C:\WINDOWS\system32\rsaenh.dll
0x00007ffe7b770000 - 0x00007ffe7b79b000 	C:\WINDOWS\SYSTEM32\USERENV.dll
0x00007ffe7c290000 - 0x00007ffe7c2ba000 	C:\WINDOWS\SYSTEM32\bcrypt.dll
0x00007ffe7b9a0000 - 0x00007ffe7b9ac000 	C:\WINDOWS\SYSTEM32\CRYPTBASE.dll
0x00007ffe7abc0000 - 0x00007ffe7abf4000 	C:\WINDOWS\SYSTEM32\IPHLPAPI.DLL
0x00007ffe7f100000 - 0x00007ffe7f10a000 	C:\WINDOWS\System32\NSI.dll
0x00007ffe74630000 - 0x00007ffe7464e000 	C:\WINDOWS\SYSTEM32\dhcpcsvc6.DLL
0x00007ffe74600000 - 0x00007ffe74623000 	C:\WINDOWS\SYSTEM32\dhcpcsvc.DLL
0x00007ffe7ac60000 - 0x00007ffe7ad8c000 	C:\WINDOWS\SYSTEM32\DNSAPI.dll
0x00007ffe4deb0000 - 0x00007ffe4debe000 	D:\Doc\GitHub\site_androidApplication\jdk_dist\jdk-17.0.2\bin\sunmscapi.dll
0x00007ffe7c4a0000 - 0x00007ffe7c617000 	C:\WINDOWS\System32\CRYPT32.dll
0x00007ffe7bba0000 - 0x00007ffe7bbd0000 	C:\WINDOWS\SYSTEM32\ncrypt.dll
0x00007ffe7bb50000 - 0x00007ffe7bb8f000 	C:\WINDOWS\SYSTEM32\NTASN1.dll
0x00007ffe64260000 - 0x00007ffe64268000 	C:\WINDOWS\system32\wshunix.dll
0x000000005fa90000 - 0x000000005fab6000 	C:\Program Files\Bonjour\mdnsNSP.dll
0x00007ffe73d50000 - 0x00007ffe73d5b000 	C:\Windows\System32\rasadhlp.dll
0x00007ffe74750000 - 0x00007ffe747d6000 	C:\WINDOWS\System32\fwpuclnt.dll
0x00007ffe5b0f0000 - 0x00007ffe5b108000 	C:\WINDOWS\system32\napinsp.dll
0x00007ffe5b090000 - 0x00007ffe5b0a2000 	C:\WINDOWS\System32\winrnr.dll
0x00007ffe5b060000 - 0x00007ffe5b082000 	C:\WINDOWS\system32\nlansp_c.dll
0x00007ffe5b040000 - 0x00007ffe5b056000 	C:\WINDOWS\system32\wshbth.dll
0x00007ffe7b270000 - 0x00007ffe7b2a6000 	C:\WINDOWS\SYSTEM32\ntmarta.dll
0x00007ffe6e960000 - 0x00007ffe6e97e000 	C:\Users\chen\AppData\Local\Temp\native-platform14097052157984105403dir\native-platform.dll
0x00007ffe6e950000 - 0x00007ffe6e957000 	D:\Doc\GitHub\site_androidApplication\jdk_dist\jdk-17.0.2\bin\rmi.dll
0x00007ffe75dc0000 - 0x00007ffe75e5e000 	C:\WINDOWS\system32\apphelp.dll

dbghelp: loaded successfully - version: 4.0.5 - missing functions: none
symbol engine: initialized successfully - sym options: 0x614 - pdb path: .;D:\Doc\GitHub\site_androidApplication\jdk_dist\jdk-17.0.2\bin;C:\WINDOWS\SYSTEM32;C:\WINDOWS\WinSxS\amd64_microsoft.windows.common-controls_6595b64144ccf1df_6.0.26100.7705_none_3e06597ae3363b04;D:\Doc\GitHub\site_androidApplication\jdk_dist\jdk-17.0.2\bin\server;C:\Users\chen\.gradle\native\c067742578af261105cb4f569cf0c3c89f3d7b1fecec35dd04571415982c5e48\windows-amd64;C:\Users\chen\.gradle\native\38dada09dfb8b06ba9b0570ebf7e218e3eb74d4ef43ca46872605cf95ebc2f47\windows-amd64;C:\Program Files\Bonjour;C:\Users\chen\AppData\Local\Temp\native-platform14097052157984105403dir

VM Arguments:
jvm_args: --add-opens=java.base/java.util=ALL-UNNAMED --add-opens=java.base/java.lang=ALL-UNNAMED --add-opens=java.base/java.lang.invoke=ALL-UNNAMED --add-opens=java.prefs/java.util.prefs=ALL-UNNAMED --add-opens=java.base/java.nio.charset=ALL-UNNAMED --add-opens=java.base/java.net=ALL-UNNAMED --add-opens=java.base/java.util.concurrent.atomic=ALL-UNNAMED -Xmx8000m -Dfile.encoding=UTF-8 -Duser.country=CN -Duser.language=zh -Duser.variant -javaagent:D:\Doc\GitHub\site_androidApplication\gradle_dist\gradle-8.4\lib\agents\gradle-instrumentation-agent-8.4.jar 
java_command: org.gradle.launcher.daemon.bootstrap.GradleDaemon 8.4
java_class_path (initial): D:\Doc\GitHub\site_androidApplication\gradle_dist\gradle-8.4\lib\gradle-launcher-8.4.jar
Launcher Type: SUN_STANDARD

[Global flags]
     intx CICompilerCount                          = 12                                        {product} {ergonomic}
     uint ConcGCThreads                            = 4                                         {product} {ergonomic}
     uint G1ConcRefinementThreads                  = 15                                        {product} {ergonomic}
   size_t G1HeapRegionSize                         = 4194304                                   {product} {ergonomic}
    uintx GCDrainStackTargetSize                   = 64                                        {product} {ergonomic}
   size_t InitialHeapSize                          = 264241152                                 {product} {ergonomic}
   size_t MarkStackSize                            = 4194304                                   {product} {ergonomic}
   size_t MaxHeapSize                              = 8388608000                                {product} {command line}
   size_t MaxNewSize                               = 5033164800                                {product} {ergonomic}
   size_t MinHeapDeltaBytes                        = 4194304                                   {product} {ergonomic}
   size_t MinHeapSize                              = 8388608                                   {product} {ergonomic}
    uintx NonNMethodCodeHeapSize                   = 7602480                                {pd product} {ergonomic}
    uintx NonProfiledCodeHeapSize                  = 122027880                              {pd product} {ergonomic}
    uintx ProfiledCodeHeapSize                     = 122027880                              {pd product} {ergonomic}
    uintx ReservedCodeCacheSize                    = 251658240                              {pd product} {ergonomic}
     bool SegmentedCodeCache                       = true                                      {product} {ergonomic}
   size_t SoftMaxHeapSize                          = 8388608000                             {manageable} {ergonomic}
     bool UseCompressedClassPointers               = true                           {product lp64_product} {ergonomic}
     bool UseCompressedOops                        = true                           {product lp64_product} {ergonomic}
     bool UseG1GC                                  = true                                      {product} {ergonomic}
     bool UseLargePagesIndividualAllocation        = false                                  {pd product} {ergonomic}

Logging:
Log output configuration:
 #0: stdout all=warning uptime,level,tags
 #1: stderr all=off uptime,level,tags

Environment Variables:
JAVA_HOME=D:\Doc\GitHub\site_androidApplication\jdk_dist\jdk-17.0.2
CLASSPATH=D:\Doc\GitHub\site_androidApplication\gradle_dist\gradle-8.4\lib\gradle-launcher-8.4.jar
PATH=D:\Doc\GitHub\site_androidApplication\jdk_dist\jdk-17.0.2\bin;C:\\Users\\chen\\.trae\\binaries\\node\\versions\\24.13.0;c:\\Users\\chen\\.trae\\sdks\\workspaces\\b959820f\\versions\\node\\current;c:\\Users\\chen\\.trae\\sdks\\versions\\node\\current;C:\Users\chen\.trae\binaries\node\versions\24.13.0;c:\Users\chen\.trae\sdks\workspaces\b959820f\versions\node\current;c:\Users\chen\.trae\sdks\versions\node\current;D:\java\bin;C:\Program Files\Common Files\Oracle\Java\javapath;C:\platform-tools;C:\Program Files (x86)\Common Files\Oracle\Java\java8path;C:\Program Files (x86)\Common Files\Oracle\Java\javapath;C:\adb;C:\Windows\system32;C:\Windows;C:\Windows\System32\Wbem;C:\Windows\System32\WindowsPowerShell\v1.0\;C:\Windows\System32\OpenSSH\;C:\Program Files\dotnet\;C:\Program Files (x86)\cloudflared\;E:\airap\Ultimate Vocal Remover;C:\Users\chen\AppData\Local\Programs\Python\Launcher\;C:\Users\chen\AppData\Local\Microsoft\WindowsApps;C:\Users\chen\AppData\Local\Programs\Microsoft VS Code\bin;C:\Program Files (x86)\c++\mingw64\bin\;C:\Users\chen\.dotnet\tools;C:\Program Files\JetBrains\CLion 2024.1\bin;D:\MinGw\bin;C:\WINDOWS\system32;C:\WINDOWS;C:\WINDOWS\System32\Wbem;C:\WINDOWS\System32\WindowsPowerShell\v1.0\;C:\WINDOWS\System32\OpenSSH\;c:\Users\chen\AppData\Local\Programs\Trae CN\bin;C:\Users\chen\AppData\Local\Programs\Python\Python313\Scripts\;C:\Users\chen\AppD;D:\Nodejs\;D:\Program Files\GitHub CLI\;C:\Program Files\Git\cmd;C:\Users\chen\AppData\Local\Programs\Python\Python38\Scripts\;C:\Users\chen\AppData\Local\Programs\Python\Python38\;C:\Users\chen\AppData\Local\Programs\Python\Launcher\;C:\Users\chen\AppData\Local\Microsoft\WindowsApps;C:\Users\chen\AppData\Local\Programs\Microsoft VS Code\bin;C:\Program Files (x86)\c++\mingw64\bin\;C:\Users\chen\.dotnet\tools;D:\MinGw\bin;C:\Users\chen\AppData\Local\Microsoft\WindowsApps;C:\Users\chen\AppData\Roaming\npm;C:\Program Files (x86)\ffmpeg-7.1.1;C:\Users\chen\AppData\Local\GitHubDesktop\bin;D:\adb;;c:\Users\ch
USERNAME=chen
LANG=zh_CN.UTF-8
OS=Windows_NT
PROCESSOR_IDENTIFIER=Intel64 Family 6 Model 154 Stepping 3, GenuineIntel



---------------  S Y S T E M  ---------------

OS:
 Windows 11 , 64 bit Build 26100 (10.0.26100.7705)
OS uptime: 0 days 6:05 hours

CPU: total 20 (initial active 20) (10 cores per cpu, 2 threads per core) family 6 model 154 stepping 3 microcode 0x42f, cx8, cmov, fxsr, ht, mmx, 3dnowpref, sse, sse2, sse3, ssse3, sse4.1, sse4.2, popcnt, lzcnt, tsc, tscinvbit, avx, avx2, aes, erms, clmul, bmi1, bmi2, adx, sha, fma, vzeroupper, clflush, clflushopt, clwb

Memory: 4k page, system-wide physical 16109M (1005M free)
TotalPageFile size 34734M (AvailPageFile size 19M)
current process WorkingSet (physical memory assigned to process): 4404M, peak: 4404M
current process commit charge ("private bytes"): 5624M, peak: 5868M

vm_info: OpenJDK 64-Bit Server VM (17.0.2+8-86) for windows-amd64 JRE (17.0.2+8-86), built on Dec  7 2021 21:49:10 by "mach5one" with MS VC++ 16.8 / 16.9 (VS2019)

END.
